student,social,gender,take_exam,Fi,CBi,Vi,MApi,PApi,total_time,total_activity,qp_activity,total_activity_be,pretest,posttest,exam_norm,lgain_pp,lgain_pe
user0089,0, ,0, , , , , ,0.0,0.0,0.0,0.0,,,-0.01,,
user0064,0, ,1, , , , , ,0.0,0.0,0.0,0.0,,0.82,0.68,,
user0091,1, ,1, , , , , ,0.0,0.0,0.0,0.0,,,0.29,,
user0078,0, ,1, , , , , ,0.0,0.0,0.0,0.0,,1.0,0.98,,
user0006,0,1,1,0.58,0.05,0.8,0.67,0.56,0.0,0.0,0.0,0.0,0.09,,0.71,,0.6813186813186813
user0013,0,1,0,0.33,0.55,0.53,0.67,0.5,0.0,0.0,0.0,0.0,0.09,,-0.01,,-0.10989010989010987
user0069,0,1,0,0.67,0.5,0.8,0.56,0.61,0.0,0.0,0.0,0.0,0.27,,-0.01,,-0.3835616438356165
user0074,0,1,0,0.25,0.6,0.6,0.06,0.06,0.0,0.0,0.0,0.0,0.18,,-0.01,,-0.23170731707317072
user0080,0,0,0,0.33,0.25,0.6,0.39,0.39,0.0,0.0,0.0,0.0,0.18,,-0.01,,-0.23170731707317072
user0038,0,1,1,0.33,0.3,0.53,0.5,0.61,0.0,0.0,0.0,0.0,0.09,0.18,0.51,0.0989010989010989,0.46153846153846156
user0040,0,0,1,0.42,0.1,0.27,0.44,0.44,0.0,0.0,0.0,0.0,0.27,0.91,0.96,0.8767123287671234,0.9452054794520548
user0046,0,0,1,0.5,0.45,0.6,0.5,0.44,0.0,0.0,0.0,0.0,0.09,0.82,0.95,0.8021978021978021,0.945054945054945
user0047,0,1,1,0.5,0.3,0.53,0.33,0.5,0.0,0.0,0.0,0.0,0.09,0.73,0.69,0.7032967032967032,0.6593406593406593
user0048,0,1,1,0.33,0.35,0.73,0.56,0.5,0.0,0.0,0.0,0.0,0.09,0.09,0.46,0.0,0.4065934065934066
user0054,0,0,1,0.58,0.6,0.6,0.61,0.61,0.0,0.0,0.0,0.0,0.36,0.27,0.8,-0.14062499999999994,0.6875000000000001
user0071,0,1,1,0,0.25,0.33,0.5,0.5,0.0,0.0,0.0,0.0,0.0,0.27,0.74,0.27,0.74
user0072,0,0,1,0.25,0.35,0.6,0.61,0.5,0.0,0.0,0.0,0.0,0.18,0.64,0.72,0.5609756097560975,0.6585365853658537
user0086,0,1,1,0.67,0.65,0.93,0.72,0.33,0.0,0.0,0.0,0.0,0.27,0.91,0.88,0.8767123287671234,0.8356164383561644
user0028,0,1,1,0.58,0.5,1,0.72,0.44,0.0,0.0,0.0,0.0,0.27,,0.89,,0.8493150684931507
user0057,0,1,1,0.67,0.8,0.8,0.72,0,0.0,0.0,0.0,0.0,0.64,0.73,0.71,0.24999999999999992,0.1944444444444443
user0058,0,1,1,0.58,0.55,0.53,0.72,0.56,0.0,0.0,0.0,0.0,0.18,0.09,0.34,-0.1097560975609756,0.19512195121951223
user0061,0,1,1,0.33,0,0.6,0.56,0.44,0.0,0.0,0.0,0.0,0.09,0.09,0.89,0.0,0.8791208791208791
user0016,0,1,1,1,0.9,0.93,0.89,0.61,0.0,0.0,0.0,0.0,0.18,,0.6,,0.5121951219512194
user0066,0,1,1,0.58,0.4,0.73,0.78,0.56,0.0,0.0,0.0,0.0,0.18,0.09,0.57,-0.1097560975609756,0.4756097560975609
user0073,0,1,1,0.58,0.3,0.67,0.78,0.39,0.0,0.0,0.0,0.0,0.09,0.09,0.85,0.0,0.8351648351648352
user0081,0,1,1,0.5,0.75,0.93,0.83,0.61,0.0,0.0,0.0,0.0,0.18,0.91,0.91,0.8902439024390243,0.8902439024390243
user0018,0,1,1,0.5,0.35,0.87,0.78,0.56,0.0,0.0,0.0,0.0,0.09,0.27,0.84,0.19780219780219782,0.8241758241758241
user0031,0,1,0,0.58,0.25,0.67,0.67,0.67,0.0,0.0,0.0,0.0,0.36,,-0.01,,-0.578125
user0063,0,1,1,0.42,0.65,0.67,0.67,0.67,0.0,0.0,0.0,0.0,0.27,,0.8,,0.726027397260274
user0033,0,0,1,0.67,0.4,0.87,0.61,0.78,0.0,0.0,0.0,0.0,0.0,0.09,0.75,0.09,0.75
user0044,0,0,1,0.58,0.45,0.67,0.67,0.67,0.0,0.0,0.0,0.0,0.09,0.0,0.54,-0.0989010989010989,0.4945054945054946
user0007,0,1,1,0.58,0.15,0.67,0.67,0.67,0.0,0.0,0.0,0.0,0.09,1.0,0.81,1.0,0.7912087912087913
user0012,0,1,1,0.42,0.3,0.4,0.67,0.67,0.0,0.0,0.0,0.0,0.18,0.36,0.33,0.2195121951219512,0.1829268292682927
user0068,0,1,1,0.67,0.6,0.93,0.67,0.67,0.0,0.0,0.0,0.0,0.27,0.82,0.87,0.7534246575342465,0.821917808219178
user0083,0,1,1,0.5,0.65,0.8,0.61,0.83,0.0,0.0,0.0,0.0,0.09,0.82,0.89,0.8021978021978021,0.8791208791208791
user0015,0,1,1,0.58,0.85,0.73,0.78,0.83,0.0,0.0,0.0,0.0,0.27,,0.85,,0.7945205479452054
user0021,0,1,1,0.67,0.65,1,0.94,0.83,0.0,0.0,0.0,0.0,0.18,,0.93,,0.9146341463414633
user0041,0,1,1,0.83,0.9,1,0.83,1,0.0,0.0,0.0,0.0,0.09,,0.57,,0.5274725274725275
user0076,0,1,1,0.5,0.75,0.67,0.83,0.67,0.0,0.0,0.0,0.0,0.45,0.82,0.84,0.6727272727272726,0.709090909090909
user0023,0,0,1,0.67,0.7,0.93,0.78,0.72,0.0,0.0,0.0,0.0,0.36,0.55,0.87,0.2968750000000001,0.796875
user0039,0,1,1,0.5,0.7,0.73,0.94,1,0.0,0.0,0.0,0.0,0.64,0.18,0.82,-1.277777777777778,0.49999999999999983
user0075,0,1,1,0.75,0.6,1,0.94,0.94,0.0,0.0,0.0,0.0,0.55,0.64,0.78,0.19999999999999996,0.5111111111111111
user0088,0, ,1, , , , , ,10004.0,1040.0,279.0,201.0,,0.73,0.68,,
user0005,0,1,1,0.75,0.8,1,0.89,0.33,35.0,4.0,1.0,4.0,0.64,1.0,0.9,1.0,0.7222222222222223
user0025,0,1,1,0.67,0.3,1,1,0,1953.0,125.0,26.0,0.0,0.09,,0.69,,0.6593406593406593
user0059,0,1,1,0.75,0.6,0.53,0.83,0,5438.0,441.0,83.0,0.0,0.09,0.36,0.66,0.2967032967032967,0.6263736263736264
user0070,0,1,1,0.5,0.7,0.93,1,0.56,26628.0,997.0,84.0,0.0,0.27,0.91,0.6,0.8767123287671234,0.4520547945205479
user0004,0,1,1,0.42,0.4,0.47,0.44,0.67,837.0,35.0,11.0,13.0,0.0,0.73,0.9,0.73,0.9
user0051,0,1,1,0.58,0.25,0.6,0.72,0.94,415.0,11.0,11.0,0.0,0.09,0.64,0.91,0.6043956043956045,0.9010989010989011
user0060,0,1,1,0.5,0.6,0.67,0.56,0.67,123.0,5.0,4.0,0.0,0.18,0.91,0.95,0.8902439024390243,0.9390243902439024
user0067,0,1,1,0.58,0.55,0.93,0.72,0.83,1392.0,176.0,28.0,0.0,0.45,0.45,0.95,0.0,0.909090909090909
user0056,0,0,1,0.58,0.55,0.47,0.72,0.78,2469.0,116.0,59.0,87.0,0.0,0.73,0.77,0.73,0.77
user0079,0,1,1,0.33,0.3,0.33,0.67,0.67,1541.0,294.0,34.0,0.0,0.18,0.64,0.88,0.5609756097560975,0.8536585365853657
user0082,0,1,1,0.5,0.65,0.47,0.67,0.67,405.0,6.0,6.0,0.0,0.27,0.64,0.53,0.5068493150684932,0.35616438356164387
user0027,0,1,1,0.58,0.65,0.67,0.78,0.67,203.0,81.0,3.0,0.0,0.27,0.64,0.94,0.5068493150684932,0.9178082191780821
user0077,0,1,1,0.25,0.45,0.6,0.78,0.89,8243.0,83.0,83.0,0.0,0.09,0.64,0.7,0.6043956043956045,0.6703296703296703
user0024,1,1, ,1,0.65,0.87,1,0.67,1706.0,185.0,24.0,0.0,,,,,
user0003,0,1,0,0.5,0.4,0.87,0.33,0,37.0,1.0,1.0,1.0,0.27,,-0.01,,-0.3835616438356165
user0032,0,1,1,0.5,0.15,0.8,0.67,0.44,614.0,108.0,23.0,108.0,0.09,,0.65,,0.6153846153846154
user0055,0,1,1,0.5,0.45,0.33,0.56,0.61,987.0,124.0,33.0,124.0,0.18,,0.66,,0.5853658536585366
user0065,0,1,1,0.5,0.45,0.67,0.5,0.61,1225.0,238.0,35.0,197.0,0.09,,0.76,,0.7362637362637363
user0085,0,1,0,0.42,0.6,0.67,0.67,0.44,31.0,2.0,2.0,2.0,0.45,,-0.01,,-0.8363636363636363
user0017,0,0,1,0.33,0.35,0.6,0.56,0.17,1710.0,137.0,27.0,137.0,0.09,0.73,0.91,0.7032967032967032,0.9010989010989011
user0042,0,1,1,0.25,0.45,0.53,0.56,0.17,8207.0,892.0,132.0,353.0,0.09,1.0,0.87,1.0,0.8571428571428571
user0050,0,1,1,0.33,0.45,0.47,0.44,0.56,4427.0,850.0,82.0,1.0,0.09,0.27,0.81,0.19780219780219782,0.7912087912087913
user0011,0,1,1,0.58,0.45,0.67,0.61,0.22,3201.0,263.0,27.0,263.0,0.27,0.82,0.87,0.7534246575342465,0.821917808219178
user0020,0,1,1,0.58,0.6,0.73,0.67,0.33,8149.0,747.0,129.0,747.0,0.27,0.91,0.93,0.8767123287671234,0.904109589041096
user0022,0,1,1,0.33,0.2,0.93,0.5,0,16882.0,559.0,160.0,27.0,0.27,0.55,0.52,0.3835616438356165,0.3424657534246575
user0030,0,1,1,0.42,0.5,0.73,0.5,0.39,843.0,154.0,20.0,154.0,0.09,0.82,0.7,0.8021978021978021,0.6703296703296703
user0035,0,0,1,0.33,0.55,0.6,0.5,0.5,123.0,10.0,2.0,10.0,0.36,0.36,0.58,0.0,0.34374999999999994
user0084,0,0,1,0.75,0.35,0.93,0.94,0.5,2020.0,265.0,51.0,265.0,0.0,,0.81,,0.81
user0008,0,1,1,0.67,0.7,0.67,0.89,0.33,12859.0,830.0,106.0,334.0,0.45,0.64,1.0,0.3454545454545454,1.0
user0009,0,1,1,0.58,0.65,0.8,0.78,0,3874.0,731.0,99.0,93.0,0.09,,0.88,,0.8681318681318682
user0053,0,1,1,0.5,0.55,0.73,0.83,0.5,1777.0,281.0,35.0,3.0,0.18,0.91,0.9,0.8902439024390243,0.8780487804878048
user0019,0,0,0,0.67,0.6,0.67,0.72,0.67,622.0,50.0,9.0,50.0,0.55,,-0.01,,-1.2444444444444447
user0026,0,1,1,0.83,0.5,0.67,0.67,0.67,2808.0,53.0,50.0,1.0,0.09,0.55,0.91,0.5054945054945056,0.9010989010989011
user0062,0,1,1,0.33,0.65,0.8,0.72,0.83,559.0,88.0,13.0,88.0,0.45,0.64,0.94,0.3454545454545454,0.8909090909090908
user0045,1,1, ,0.83,0.55,0.73,0.72,0.72,8836.0,1060.0,331.0,268.0,,,,,
user0010,0,1,1,0.83,0.85,0.67,0.83,0.89,1793.0,110.0,23.0,110.0,0.18,,0.85,,0.8170731707317072
user0049,0,1,1,0.75,0.65,1,0.78,0.67,4238.0,489.0,76.0,304.0,0.36,0.91,0.8,0.859375,0.6875000000000001
user0029,0,1,1,0.67,0.45,1,0.89,0.94,5037.0,381.0,33.0,266.0,0.27,0.91,0.99,0.8767123287671234,0.9863013698630136
user0034,0,1,1,0.5,0.6,0.6,0.89,0.83,2460.0,94.0,74.0,5.0,0.18,0.82,1.0,0.7804878048780486,1.0
user0036,0,1,1,0.92,0.75,0.73,0.89,0.67,5206.0,322.0,72.0,322.0,0.18,0.91,1.0,0.8902439024390243,1.0
user0037,0,1,1,0.58,0.5,0.8,0.83,0.83,1302.0,113.0,26.0,13.0,0.0,0.82,0.97,0.82,0.97
user0052,0,1,1,0.92,0.9,0.93,0.83,0.83,349.0,82.0,7.0,82.0,0.91,0.91,0.95,0.0,0.44444444444444375
user0168,0, ,0, , , , , ,0.0,0.0,0.0,0.0,0.0,,-0.01,,-0.01
user0180,0, ,0, , , , , ,0.0,0.0,0.0,0.0,0.64,,-0.01,,-1.8055555555555556
user0186,0, ,0, , , , , ,0.0,0.0,0.0,0.0,,,-0.01,,
user0212,0, ,0, , , , , ,0.0,0.0,0.0,0.0,,,-0.01,,
user0214,0, ,0, , , , , ,0.0,0.0,0.0,0.0,,,-0.01,,
user0216,1, , , , , , , ,0.0,0.0,0.0,0.0,,,,,
user0213,0, ,1, , , , , ,0.0,0.0,0.0,0.0,,0.55,0.84,,
user0134,0,1,1,0.5,0.5,0.67,0.5,0.5,0.0,0.0,0.0,0.0,0.09,,0.89,,0.8791208791208791
user0139,0,1,0,0.5,0.15,0.6,0.67,0.56,0.0,0.0,0.0,0.0,0.09,,-0.01,,-0.10989010989010987
user0140,0,1,0,0.67,0.9,0.73,0.61,0,0.0,0.0,0.0,0.0,0.36,,-0.01,,-0.578125
user0161,0,1,1,0.67,0.65,0.67,0.72,0.61,0.0,0.0,0.0,0.0,0.45,,0.53,,0.14545454545454548
user0182,0,1,1,0.42,0.65,0.53,0.44,0.06,0.0,0.0,0.0,0.0,0.45,0.82,0.83,0.6727272727272726,0.6909090909090908
user0190,0,1,1,0.33,0.5,0.53,0.17,0.11,0.0,0.0,0.0,0.0,0.18,,0.45,,0.32926829268292684
user0196,0,1,1,0.5,0.65,0.6,0.44,0.44,0.0,0.0,0.0,0.0,0.09,,0.63,,0.5934065934065934
user0207,0,1,0,0.83,0.45,0.87,0.67,0.28,0.0,0.0,0.0,0.0,0.0,,-0.01,,-0.01
user0211,0,1,0,0.5,0.45,0.67,0.44,0.44,0.0,0.0,0.0,0.0,0.18,,-0.01,,-0.23170731707317072
user0137,0,1,1,0.42,0.5,0.6,0.61,0.44,128.0,15.0,0.0,15.0,0.27,0.45,0.96,0.2465753424657534,0.9452054794520548
user0159,0,1,1,0.33,0.8,0.47,0.44,0.22,0.0,0.0,0.0,0.0,0.27,1.0,1.0,1.0,1.0
user0202,0,1,1,0.5,0.55,0.73,0.61,0.61,0.0,0.0,0.0,0.0,0.18,0.55,0.63,0.45121951219512196,0.548780487804878
user0157,0,1,1,0.67,0.5,0.67,0.72,0.61,0.0,0.0,0.0,0.0,0.45,0.64,0.89,0.3454545454545454,0.7999999999999999
user0185,0,1,1,0.33,0.25,0.33,0.17,0.17,543.0,220.0,0.0,0.0,0.09,0.64,0.56,0.6043956043956045,0.5164835164835165
user0194,0,1,1,0.5,0.3,0.4,0.61,0.22,0.0,0.0,0.0,0.0,0.18,0.55,0.85,0.45121951219512196,0.8170731707317072
user0201,0,1,1,0.67,0.35,0.8,0.72,0.44,0.0,0.0,0.0,0.0,0.18,0.64,0.77,0.5609756097560975,0.7195121951219513
user0144,0,1,1,0.58,0.6,0.93,0.94,0.61,0.0,0.0,0.0,0.0,0.27,,0.62,,0.4794520547945205
user0148,0,0,0,0.58,0.6,0.93,0.89,0,0.0,0.0,0.0,0.0,0.36,,-0.01,,-0.578125
user0198,0,1,0,0.58,0,0.8,0.89,0.56,0.0,0.0,0.0,0.0,0.09,,-0.01,,-0.10989010989010987
user0172,0,1,1,0.58,0.65,0.73,0.78,0.5,0.0,0.0,0.0,0.0,0.27,0.73,0.95,0.6301369863013698,0.9315068493150684
user0208,0,1,1,0.67,0.15,0.93,0.94,0,0.0,0.0,0.0,0.0,0.09,0.64,0.62,0.6043956043956045,0.5824175824175825
user0143,0,1,1,0.5,0.7,0.67,0.44,0.67,0.0,0.0,0.0,0.0,0.82,,0.91,,0.5000000000000003
user0184,0,1,0,0.83,1,0.93,0.5,0.67,0.0,0.0,0.0,0.0,0.73,,-0.01,,-2.7407407407407405
user0187,0,1,1,0.58,0.4,0.67,0.67,0.72,0.0,0.0,0.0,0.0,0.09,,0.22,,0.14285714285714285
user0175,0,0,1,0.42,0.5,0.53,0.61,0.72,0.0,0.0,0.0,0.0,0.18,0.45,0.8,0.32926829268292684,0.7560975609756099
user0200,0,1,1,0.58,0.25,0.6,0.67,0.67,0.0,0.0,0.0,0.0,0.09,0.18,0.49,0.0989010989010989,0.43956043956043955
user0174,0,1,1,0.67,0.5,0.6,0.56,0.67,0.0,0.0,0.0,0.0,0.09,0.73,0.69,0.7032967032967032,0.6593406593406593
user0177,0,1,0,0.33,0.4,0.6,0.67,0.67,0.0,0.0,0.0,0.0,0.0,0.09,-0.01,0.09,-0.01
user0192,0,1,1,0.67,0.75,0.73,0.72,0.67,67.0,6.0,0.0,0.0,0.09,0.55,0.7,0.5054945054945056,0.6703296703296703
user0147,0,1,0,0.83,0.6,0.8,0.89,0.67,0.0,0.0,0.0,0.0,0.64,,-0.01,,-1.8055555555555556
user0162,0,1,1,0.5,0.65,0.67,0.89,0.94,0.0,0.0,0.0,0.0,0.0,,0.84,,0.84
user0209,0,1,0,0.67,0.75,0.8,1,1,0.0,0.0,0.0,0.0,0.55,,-0.01,,-1.2444444444444447
user0133,0,1,1,0.75,0.8,0.8,0.78,0.67,0.0,0.0,0.0,0.0,0.27,0.82,0.72,0.7534246575342465,0.6164383561643835
user0129,0,1,1,0.58,0.65,0.8,0.78,0.78,0.0,0.0,0.0,0.0,0.09,0.55,0.84,0.5054945054945056,0.8241758241758241
user0155,0,0,0,0.83,0.25,0.93,1,0.67,0.0,0.0,0.0,0.0,0.09,0.18,-0.01,0.0989010989010989,-0.10989010989010987
user0204,0,1,1,0.58,0.55,0.67,0.83,0.83,0.0,0.0,0.0,0.0,0.0,0.36,0.71,0.36,0.71
user0136,0,1,1,0.67,0.3,0.67,0.44,0.5,232.0,9.0,6.0,9.0,0.09,0.55,0.84,0.5054945054945056,0.8241758241758241
user0146,0,1,1,0.5,0.45,0.67,0.67,0.5,65.0,2.0,2.0,0.0,0.09,0.55,0.8,0.5054945054945056,0.7802197802197802
user0156,0,1,1,0.5,0.25,0.6,0.61,0.5,1336.0,141.0,40.0,0.0,0.09,0.27,0.69,0.19780219780219782,0.6593406593406593
user0179,0,1,1,0.58,0.45,0.87,0.5,0.39,770.0,100.0,15.0,0.0,0.09,0.45,0.84,0.3956043956043956,0.8241758241758241
user0205,0,1,1,0.58,0.45,0.67,0.56,0.44,2858.0,59.0,47.0,0.0,0.18,0.82,0.85,0.7804878048780486,0.8170731707317072
user0135,0,1,1,0.58,0.35,0.67,0.56,0.5,2358.0,97.0,44.0,0.0,0.09,0.91,0.89,0.9010989010989011,0.8791208791208791
user0158,0,1,1,0.33,0.4,0.53,0.67,0.56,354.0,25.0,9.0,0.0,0.18,0.73,0.77,0.6707317073170732,0.7195121951219513
user0178,0,0,1,0.58,0.5,0.67,0.67,0.5,4799.0,214.0,76.0,0.0,0.09,0.18,0.73,0.0989010989010989,0.7032967032967032
user0130,0,1,1,0.58,0.7,0.93,1,0.5,471.0,56.0,20.0,0.0,0.18,0.91,0.89,0.8902439024390243,0.8658536585365852
user0171,0,0,1,0.67,0.8,0.8,0.78,0.5,4259.0,270.0,47.0,112.0,0.18,0.73,0.97,0.6707317073170732,0.9634146341463414
user0193,0,0,1,0.58,0.5,0.93,0.78,0.5,2114.0,45.0,37.0,0.0,0.0,0.45,0.75,0.45,0.75
user0132,0,1,1,0.67,0.5,0.8,0.83,0.61,1180.0,46.0,27.0,0.0,0.18,0.91,1.0,0.8902439024390243,1.0
user0197,0,1,1,0.92,0.7,1,0.89,0.61,478.0,62.0,17.0,0.0,1.0,0.82,0.8,-inf,-inf
user0163,0,1,1,0.67,0.7,1,0.72,0.72,1341.0,119.0,16.0,0.0,0.09,,0.98,,0.978021978021978
user0154,0,1,1,0.58,0.65,0.6,0.72,0.72,10758.0,513.0,188.0,0.0,0.36,0.73,0.63,0.578125,0.421875
user0150,0,1,1,0.58,0.8,0.67,0.72,0.83,149.0,3.0,3.0,0.0,0.55,0.91,0.88,0.8,0.7333333333333333
user0153,0,1,1,0.42,0.4,0.6,0.72,0.67,2560.0,179.0,41.0,128.0,0.27,0.64,0.87,0.5068493150684932,0.821917808219178
user0189,0,1,1,0.67,0.75,0.73,0.72,0.67,1320.0,260.0,19.0,0.0,0.27,1.0,0.92,1.0,0.8904109589041096
user0166,0,1,1,0.83,0.35,0.93,0.83,0.83,5991.0,235.0,78.0,0.0,0.09,,0.87,,0.8571428571428571
user0181,0,1,1,0.58,0.6,0.67,0.78,0.67,711.0,197.0,16.0,17.0,0.55,,0.93,,0.8444444444444446
user0183,0,1,1,0.5,0.4,0.53,0.78,0.67,727.0,89.0,8.0,89.0,0.18,,0.91,,0.8902439024390243
user0188,0,0,1,0.58,0.65,0.67,0.78,0.72,56.0,3.0,3.0,0.0,0.09,,0.48,,0.42857142857142855
user0142,0,1,1,0.5,0.7,0.6,0.83,0.83,63.0,4.0,4.0,0.0,0.09,0.09,0.94,0.0,0.934065934065934
user0191,0,0,1,0.08,0.05,0.73,0.78,0.89,396.0,25.0,25.0,0.0,0.09,0.55,0.48,0.5054945054945056,0.42857142857142855
user0131,0,1,1,0.5,0.4,0.67,0.61,0.61,2616.0,236.0,31.0,103.0,0.18,0.64,0.92,0.5609756097560975,0.9024390243902438
user0165,0,1,1,0.5,0.5,0.33,0.56,0.5,438.0,5.0,3.0,5.0,0.0,0.0,0.83,0.0,0.83
user0138,0,1,1,0.58,0.75,0.73,0.89,0,4687.0,351.0,81.0,351.0,0.09,0.91,0.88,0.9010989010989011,0.8681318681318682
user0149,0,0,1,0.92,0.5,0.93,0.83,0.28,3637.0,180.0,84.0,180.0,0.18,0.55,0.69,0.45121951219512196,0.6219512195121951
user0151,0,0,1,0.42,0.4,0.33,0.78,0.61,4633.0,636.0,125.0,409.0,0.09,0.45,0.72,0.3956043956043956,0.6923076923076923
user0210,0,0,0,0.33,0.45,0.67,0.67,0.67,594.0,27.0,14.0,27.0,0.18,,-0.01,,-0.23170731707317072
user0199,0,1,1,0.5,0.5,0.67,0.67,0.72,2703.0,196.0,44.0,196.0,0.27,0.45,0.99,0.2465753424657534,0.9863013698630136
user0128,0,1,0,0.42,0.45,0.6,0.78,0.67,1264.0,67.0,12.0,67.0,0.09,,-0.01,,-0.10989010989010987
user0169,0,1,1,0.67,0.95,1,1,1,155.0,3.0,3.0,3.0,0.18,,0.77,,0.7195121951219513
user0206,0,0,0,0.75,0.7,0.67,0.83,0.83,129.0,22.0,4.0,22.0,0.18,,-0.01,,-0.23170731707317072
user0141,0,1,1,0.67,0.65,0.73,0.83,1,2571.0,155.0,37.0,155.0,0.18,0.73,0.97,0.6707317073170732,0.9634146341463414
user0145,0,1,1,0.5,0.45,0.6,0.83,0.83,4567.0,610.0,80.0,299.0,0.0,0.64,0.87,0.64,0.87
user0152,0,0,1,0.5,0.5,0.8,0.78,0.67,2937.0,232.0,25.0,190.0,0.27,0.91,0.97,0.8767123287671234,0.958904109589041
user0160,0,1,1,0.58,0.6,0.6,0.83,0.83,2441.0,455.0,84.0,233.0,0.27,0.36,0.95,0.12328767123287668,0.9315068493150684
user0164,0,1,1,0.5,0.35,0.6,1,0.94,6720.0,662.0,74.0,662.0,0.18,0.73,0.99,0.6707317073170732,0.9878048780487805
user0167,0,0,1,0.75,0.75,0.67,0.78,0.67,4953.0,731.0,108.0,360.0,1.0,0.73,0.99,-inf,-inf
user0170,0,1,1,1,0.9,1,0.94,0.67,1281.0,173.0,14.0,173.0,0.82,0.82,0.97,0.0,0.8333333333333333
user0173,0,1,1,0.42,0.55,0.6,0.78,0.72,1211.0,164.0,22.0,81.0,0.18,1.0,0.65,1.0,0.573170731707317
user0176,0,1,1,0.58,0.7,0.93,0.78,0.67,3438.0,644.0,186.0,644.0,0.64,,0.76,,0.3333333333333333
user0332,0, ,0, , , , , ,0.0,0.0,0.0,0.0,,,-0.01,,
user0336,0, ,0, , , , , ,0.0,0.0,0.0,0.0,,,-0.01,,
user0339,0, ,0, , , , , ,0.0,0.0,0.0,0.0,,,-0.01,,
user0260,0, ,1, , , , , ,0.0,0.0,0.0,0.0,,,0.83,,
user0318,0, ,1, , , , , ,0.0,0.0,0.0,0.0,0.09,,0.78,,0.7582417582417583
user0340,1, ,1, , , , , ,0.0,0.0,0.0,0.0,,,0.84,,
user0341,1, , , , , , , ,0.0,0.0,0.0,0.0,,,,,
user0287,0,1,1,0.75,0.15,0.87,0.67,0.44,0.0,0.0,0.0,0.0,0.09,,0.7,,0.6703296703296703
user0288,0,1,0,0.5,0.45,0.67,0.67,0.44,0.0,0.0,0.0,0.0,0.09,,-0.01,,-0.10989010989010987
user0296,0,1,0,0.58,0.4,0.6,0.61,0.5,0.0,0.0,0.0,0.0,0.18,,-0.01,,-0.23170731707317072
user0303,0,1,0,0,0.1,0.53,0.11,0.17,0.0,0.0,0.0,0.0,0.0,,-0.01,,-0.01
user0317,0,1,0,0.67,0.5,0.67,0.5,0.5,0.0,0.0,0.0,0.0,0.45,,-0.01,,-0.8363636363636363
user0329,0,1,0,0.58,0.5,0.8,0.61,0.33,0.0,0.0,0.0,0.0,0.18,,-0.01,,-0.23170731707317072
user0263,0,1,1,0.67,0.55,0.53,0.56,0.61,81.0,26.0,0.0,0.0,0.09,0.09,0.5,0.0,0.45054945054945056
user0311,0,1,1,0.58,0.5,0.73,0.72,0.56,0.0,0.0,0.0,0.0,0.18,0.73,0.93,0.6707317073170732,0.9146341463414633
user0312,0,1,1,0.33,0.5,0.6,0.5,0.5,0.0,0.0,0.0,0.0,0.09,0.82,0.66,0.8021978021978021,0.6263736263736264
user0330,0,1,1,0.58,0.5,0.87,0.5,0.5,0.0,0.0,0.0,0.0,0.18,,0.61,,0.5243902439024389
user0334,0,1,1,0.33,0.5,0.53,0.39,0.61,109.0,20.0,0.0,20.0,0.18,0.0,0.34,-0.2195121951219512,0.19512195121951223
user0335,0,1,1,0.5,0.2,0.67,0.67,0.56,0.0,0.0,0.0,0.0,0.09,0.18,0.7,0.0989010989010989,0.6703296703296703
user0269,0,1,1,0.33,0.65,0.53,0.44,0,0.0,0.0,0.0,0.0,0.27,0.36,0.62,0.12328767123287668,0.4794520547945205
user0308,0,1,1,0.5,0.6,0.47,0.67,0.5,0.0,0.0,0.0,0.0,0.18,0.73,0.83,0.6707317073170732,0.7926829268292681
user0261,0,1,1,0.58,0.55,0.73,0.83,0.56,0.0,0.0,0.0,0.0,1.0,0.73,1.0,-inf,
user0301,0,1,1,0.33,0.5,0.6,0.78,0.5,0.0,0.0,0.0,0.0,0.18,0.45,0.67,0.32926829268292684,0.5975609756097561
user0309,0,0,1,0.58,0.55,0.4,0.78,0.44,67.0,22.0,0.0,0.0,0.09,0.36,0.82,0.2967032967032967,0.8021978021978021
user0297,0,1,0,0.25,0.65,0.67,0.61,0.72,0.0,0.0,0.0,0.0,0.27,,-0.01,,-0.3835616438356165
user0306,0,1,0,0.58,0.5,0.8,0.61,0.72,0.0,0.0,0.0,0.0,0.27,,-0.01,,-0.3835616438356165
user0321,0,1,1,0.42,0.5,0,0.56,0.83,0.0,0.0,0.0,0.0,0.18,,0.73,,0.6707317073170732
user0266,0,1,1,0.58,0.65,0.8,0.61,0.83,0.0,0.0,0.0,0.0,0.09,0.36,0.85,0.2967032967032967,0.8351648351648352
user0267,0,1,0,0.75,0.7,0.73,0.83,0.83,0.0,0.0,0.0,0.0,0.09,,-0.01,,-0.10989010989010987
user0291,0,0,0,0.58,0.25,0.67,0.83,0.89,0.0,0.0,0.0,0.0,0.0,,-0.01,,-0.01
user0307,0,1,1,0.58,0.9,0.67,0.89,0.67,0.0,0.0,0.0,0.0,0.73,,0.8,,0.25925925925925947
user0331,0,1,0,0.67,0.3,0.93,1,0.89,0.0,0.0,0.0,0.0,0.36,,-0.01,,-0.578125
user0256,0,1,1,0.58,0.7,0.6,0.83,0.78,0.0,0.0,0.0,0.0,0.09,0.73,0.68,0.7032967032967032,0.6483516483516484
user0258,0,1,1,0.5,0.55,0.8,0.94,0.67,0.0,0.0,0.0,0.0,0.27,1.0,0.94,1.0,0.9178082191780821
user0259,0,1,1,1,0.75,1,0.83,0.83,0.0,0.0,0.0,0.0,0.82,0.91,0.9,0.5000000000000003,0.4444444444444447
user0314,0,1,1,0.58,0.3,0.6,0.78,0.67,355.0,72.0,0.0,72.0,0.18,0.36,0.88,0.2195121951219512,0.8536585365853657
user0328,0,1,1,0.58,0.9,0.6,0.83,0.67,0.0,0.0,0.0,0.0,0.27,0.91,0.81,0.8767123287671234,0.7397260273972603
user0283,0,1,1,0.33,0.25,0.6,0.83,0.83,0.0,0.0,0.0,0.0,0.09,0.45,0.85,0.3956043956043956,0.8351648351648352
user0284,0,1,1,0.58,0,0.67,0.89,0.83,0.0,0.0,0.0,0.0,0.0,0.45,0.96,0.45,0.96
user0286,0,1,1,0.67,0.75,0.73,0.89,0.89,0.0,0.0,0.0,0.0,0.55,,0.86,,0.6888888888888889
user0293,0,1,1,0.5,0.5,0.53,0.78,0.67,0.0,0.0,0.0,0.0,0.0,0.64,0.93,0.64,0.93
user0319,0,1,1,0.83,0.5,0.6,0.78,0.83,0.0,0.0,0.0,0.0,0.09,0.27,0.43,0.19780219780219782,0.3736263736263736
user0337,0, ,1, , , , , ,480.0,43.0,12.0,0.0,,0.55,0.88,,
user0323,0,1,1,0.58,0.45,0.73,0.72,0.17,2750.0,60.0,60.0,0.0,0.27,0.64,0.89,0.5068493150684932,0.8493150684931507
user0253,0,1,1,0.58,0.7,0.67,0.56,0.44,66.0,6.0,4.0,0.0,0.09,0.18,0.58,0.0989010989010989,0.5384615384615384
user0277,0,0,1,0.5,0.25,0.67,0.44,0.17,1013.0,249.0,22.0,0.0,0.09,0.18,0.76,0.0989010989010989,0.7362637362637363
user0278,0,0,1,0.67,0.4,0.67,0.72,0.61,504.0,87.0,9.0,87.0,0.0,0.45,0.92,0.45,0.92
user0304,0,1,1,0.58,0.45,0.67,0.67,0.56,957.0,105.0,13.0,0.0,0.36,0.73,0.97,0.578125,0.953125
user0310,0,0,1,0.5,0.45,0.6,0.5,0.33,2549.0,361.0,62.0,0.0,0.18,0.64,0.81,0.5609756097560975,0.7682926829268294
user0320,0,0,1,0.42,0.15,1,0.5,0.28,2175.0,139.0,42.0,139.0,0.18,1.0,0.98,1.0,0.975609756097561
user0327,0,1,1,0.42,0.6,0.8,0.67,0.67,25.0,1.0,1.0,0.0,0.64,,0.84,,0.5555555555555555
user0282,0,1,1,0.42,0.5,0.6,0.56,0.67,10905.0,1011.0,197.0,0.0,0.18,0.55,0.69,0.45121951219512196,0.6219512195121951
user0333,0,1,1,0.5,0.4,0.87,0.56,0.72,652.0,59.0,17.0,57.0,0.45,0.45,0.94,0.0,0.8909090909090908
user0299,0,1,1,0.58,0.8,0.6,0.61,0.67,2450.0,331.0,52.0,0.0,0.27,0.91,0.97,0.8767123287671234,0.958904109589041
user0315,0,1,1,0.67,0.55,0.8,0.61,1,44.0,2.0,2.0,0.0,0.45,0.73,0.9,0.509090909090909,0.8181818181818181
user0316,0,0,1,0.5,0.4,0.93,0.61,0.83,6846.0,643.0,88.0,643.0,0.27,0.73,0.89,0.6301369863013698,0.8493150684931507
user0326,0,1,1,0.58,0.4,0.73,0.72,0.67,1287.0,36.0,36.0,0.0,0.18,0.82,0.69,0.7804878048780486,0.6219512195121951
user0294,0,0,1,0.67,0.7,0.73,1,0.67,1035.0,106.0,18.0,106.0,0.09,,0.57,,0.5274725274725275
user0264,0,0,1,0.67,0.6,0.67,0.78,0.78,2026.0,165.0,34.0,0.0,0.09,0.09,0.7,0.0,0.6703296703296703
user0271,0,1,1,0.58,0.55,0.87,0.78,0.78,417.0,83.0,9.0,83.0,0.18,0.73,0.93,0.6707317073170732,0.9146341463414633
user0285,0,1,1,0.58,0.2,0.6,0.78,0.83,727.0,108.0,26.0,108.0,0.18,0.45,0.89,0.32926829268292684,0.8658536585365852
user0305,0,1,1,0.33,0.75,0.6,0.78,0.83,6535.0,634.0,134.0,0.0,0.55,0.91,0.92,0.8,0.8222222222222223
user0255,0,1,1,0.67,0.65,0.8,0.67,0.28,3136.0,88.0,72.0,88.0,0.27,,0.81,,0.7397260273972603
user0270,0,1,1,0.5,0.4,0.53,0.56,0.17,2666.0,272.0,31.0,266.0,0.36,,0.87,,0.796875
user0289,0,0,1,0.5,0.45,0.67,0.33,0.5,1257.0,100.0,38.0,100.0,0.27,,0.9,,0.863013698630137
user0257,0,1,1,0.58,0,0.6,0.72,0.17,27.0,2.0,2.0,2.0,0.09,0.73,0.93,0.7032967032967032,0.9230769230769231
user0265,0,1,1,0.5,0.55,0.67,0.72,0.61,621.0,36.0,18.0,17.0,0.18,0.27,0.89,0.10975609756097564,0.8658536585365852
user0280,0,1,1,0.58,0.5,0.8,0.72,0.56,2161.0,285.0,15.0,285.0,0.0,,0.45,,0.45
user0302,0,0,1,0.58,0.55,0.53,0.61,0.5,615.0,106.0,15.0,31.0,0.09,0.55,0.94,0.5054945054945056,0.934065934065934
user0272,0,1,1,0.67,0.35,0.67,0.61,0.56,3962.0,321.0,52.0,96.0,0.27,1.0,0.94,1.0,0.9178082191780821
user0273,0,1,1,0.5,0.15,0.53,0.56,0.61,1321.0,234.0,24.0,234.0,0.0,0.55,0.93,0.55,0.93
user0324,0,0,1,0.58,0.5,0.73,0.72,0.39,503.0,14.0,13.0,14.0,0.18,0.55,0.95,0.45121951219512196,0.9390243902439024
user0254,0,1,1,0.83,0.85,0.93,0.94,0.5,3093.0,345.0,44.0,345.0,0.27,,0.98,,0.9726027397260274
user0292,0,1,1,0.67,0.7,1,0.83,0,52.0,2.0,2.0,2.0,0.73,,0.87,,0.5185185185185185
user0268,0,1,1,1,0.6,1,0.94,0.61,1429.0,44.0,44.0,44.0,0.09,0.55,0.88,0.5054945054945056,0.8681318681318682
user0298,0,1,1,0.33,0.4,0.4,0.83,0.5,3028.0,214.0,108.0,140.0,0.0,0.27,0.86,0.27,0.86
user0281,0,0,1,0.75,0.3,0.73,0.94,0.61,9755.0,311.0,57.0,301.0,0.18,0.64,0.94,0.5609756097560975,0.9268292682926829
user0290,0,1,1,0.58,0.6,0.73,0.56,0.72,893.0,189.0,19.0,189.0,0.27,,0.91,,0.8767123287671234
user0295,0,1,0,0.58,0.85,1,0.61,0.67,1813.0,277.0,59.0,106.0,0.73,,-0.01,,-2.7407407407407405
user0276,0,0,1,0.5,0.4,0.6,0.56,0.67,1806.0,237.0,25.0,237.0,0.18,0.82,1.0,0.7804878048780486,1.0
user0279,0,1,1,0.58,0.3,0.67,0.72,0.67,400.0,29.0,10.0,29.0,0.27,0.55,0.96,0.3835616438356165,0.9452054794520548
user0300,0,1,1,0.67,0.8,0.67,0.72,0.83,749.0,113.0,15.0,113.0,0.73,0.73,0.79,0.0,0.2222222222222224
user0313,0,1,0,0.67,0.85,0.8,0.94,0.83,1409.0,169.0,31.0,169.0,0.18,,-0.01,,-0.23170731707317072
user0262,0,1,1,0.75,1,0.67,1,1,1011.0,195.0,26.0,195.0,1.0,1.0,0.96,,-inf
user0274,0,1,1,0.83,1,0.93,1,1,2236.0,453.0,53.0,453.0,1.0,0.91,0.99,-inf,-inf
user0322,0,1,1,0.67,0.45,0.87,0.83,0.78,4415.0,542.0,77.0,542.0,0.09,0.82,0.94,0.8021978021978021,0.934065934065934
user0439,0, ,1, , , , , ,0.0,0.0,0.0,0.0,,,0.8,,
user0422,0, ,1, , , , , ,3.0,1.0,0.0,0.0,0.91,0.64,0.84,-3.0000000000000013,-0.7777777777777788
user0465,1, ,0, , , , , ,0.0,0.0,0.0,0.0,,,-0.01,,
user0430,0,1,1,0.5,0.45,0.67,0.5,0,0.0,0.0,0.0,0.0,0.09,,0.85,,0.8351648351648352
user0433,0,1,0,0.42,0.25,0.33,0.5,0.5,0.0,0.0,0.0,0.0,0.0,,-0.01,,-0.01
user0456,0,1,0,0.42,0.35,0.67,0.5,0.11,0.0,0.0,0.0,0.0,0.0,,-0.01,,-0.01
user0459,0,1,0,0.42,0.25,0.73,0.33,0.22,0.0,0.0,0.0,0.0,0.09,,-0.01,,-0.10989010989010987
user0378,0,1,1,0.58,0.6,0.67,0.61,0.5,0.0,0.0,0.0,0.0,0.27,0.64,0.84,0.5068493150684932,0.7808219178082191
user0382,0,1,1,0.5,0.45,0.67,0.44,0.39,0.0,0.0,0.0,0.0,0.09,0.73,0.9,0.7032967032967032,0.8901098901098902
user0388,0,1,1,0.5,0.65,0.6,0.5,0.5,0.0,0.0,0.0,0.0,0.0,0.73,0.95,0.73,0.95
user0398,0,1,1,0.58,0.4,0.67,0.72,0.56,26.0,2.0,0.0,2.0,0.09,0.27,0.82,0.19780219780219782,0.8021978021978021
user0418,0,1,1,0.42,0.5,0.6,0.67,0.5,0.0,0.0,0.0,0.0,0.36,0.36,0.7,0.0,0.5312499999999999
user0421,0,1,1,0.5,0.3,0.67,0.5,0.44,0.0,0.0,0.0,0.0,0.0,0.45,0.87,0.45,0.87
user0424,0,1,1,0.5,0.75,0.8,0.5,0,0.0,0.0,0.0,0.0,0.73,0.09,0.95,-2.3703703703703702,0.8148148148148147
user0431,0,0,1,0.5,0.55,1,0.61,0.5,0.0,0.0,0.0,0.0,0.09,0.45,0.99,0.3956043956043956,0.989010989010989
user0429,0,0,1,0.67,0.05,0.53,0.67,0.33,0.0,0.0,0.0,0.0,0.18,0.73,0.85,0.6707317073170732,0.8170731707317072
user0386,0,0,1,0.58,0.2,0.8,0.78,0,0.0,0.0,0.0,0.0,0.09,,0.87,,0.8571428571428571
user0405,0,1,1,0.5,0.8,0.93,0.78,0,0.0,0.0,0.0,0.0,0.45,,0.66,,0.38181818181818183
user0414,0,1,0,0.83,0.5,0.87,0.89,0,0.0,0.0,0.0,0.0,0.27,,-0.01,,-0.3835616438356165
user0437,0,1,1,1,1,1,1,0,2.0,1.0,0.0,1.0,0.36,0.91,0.86,0.859375,0.78125
user0449,0,1,0,0.67,0.45,0.93,0.89,0.5,0.0,0.0,0.0,0.0,0.09,,-0.01,,-0.10989010989010987
user0458,0,1,0,0.58,0.8,0.8,0.83,0.33,0.0,0.0,0.0,0.0,0.45,,-0.01,,-0.8363636363636363
user0446,0,1,1,0.58,0.55,0.73,0.94,0.33,0.0,0.0,0.0,0.0,0.18,0.36,0.95,0.2195121951219512,0.9390243902439024
user0399,0,1,1,0.5,0.7,0.53,0.94,0.33,0.0,0.0,0.0,0.0,0.18,0.36,0.85,0.2195121951219512,0.8170731707317072
user0428,0,0,1,0.5,0.4,0.53,0.78,0.56,0.0,0.0,0.0,0.0,0.0,0.55,0.8,0.55,0.8
user0391,0,1,0,0.58,0.5,0.67,0.61,0.67,0.0,0.0,0.0,0.0,0.09,,-0.01,,-0.10989010989010987
user0407,0,1,1,0.83,0.55,0.8,0.72,0.72,0.0,0.0,0.0,0.0,0.45,,0.92,,0.8545454545454545
user0444,0,1,0,0.58,0.5,0.6,0.67,0.78,0.0,0.0,0.0,0.0,0.27,,-0.01,,-0.3835616438356165
user0460,0,1,1,0.5,0.2,0.67,0.72,0.67,0.0,0.0,0.0,0.0,0.09,,0.9,,0.8901098901098902
user0419,0,1,1,0.5,0.5,0.87,0.72,0.67,0.0,0.0,0.0,0.0,0.27,0.36,0.85,0.12328767123287668,0.7945205479452054
user0440,0,1,1,0.58,0.25,0.67,0.72,0.72,0.0,0.0,0.0,0.0,0.18,0.27,0.58,0.10975609756097564,0.4878048780487804
user0454,0,1,1,0.33,0.25,0.53,0.44,0.72,0.0,0.0,0.0,0.0,0.09,0.27,0.37,0.19780219780219782,0.3076923076923077
user0453,0,1,1,0.5,0.15,0.53,0.67,0.72,0.0,0.0,0.0,0.0,0.09,0.82,0.98,0.8021978021978021,0.978021978021978
user0457,0,1,1,0.5,0.5,0.53,0.67,0.67,0.0,0.0,0.0,0.0,0.27,0.91,0.97,0.8767123287671234,0.958904109589041
user0393,0,1,0,0.58,0.6,0.8,0.83,0.72,0.0,0.0,0.0,0.0,,,-0.01,,
user0410,0,1,1,0.67,0.85,0.67,0.83,0.89,0.0,0.0,0.0,0.0,0.55,,0.89,,0.7555555555555555
user0412,0,1,1,0.5,0.95,0.73,0.94,0.67,0.0,0.0,0.0,0.0,0.36,,0.86,,0.78125
user0427,0,0,1,0.67,0.3,1,0.94,0.89,0.0,0.0,0.0,0.0,0.09,,0.76,,0.7362637362637363
user0447,0,1,0,0.67,0.55,0.87,0.83,0.67,0.0,0.0,0.0,0.0,0.27,,-0.01,,-0.3835616438356165
user0462,0, ,1, , , , , ,14749.0,760.0,132.0,0.0,,0.82,0.6,,
user0463,0, ,1, , , , , ,2834.0,346.0,72.0,0.0,,1.0,0.97,,
user0392,0,1,1,0.5,0.6,0.87,0.61,0.17,8398.0,809.0,104.0,0.0,0.55,0.55,0.98,0.0,0.9555555555555555
user0434,0,1,1,0.58,0.1,0.8,0.5,0.61,1171.0,242.0,24.0,10.0,0.55,0.55,0.82,0.0,0.5999999999999999
user0380,0,1,1,0.58,0.6,1,0.67,0.5,12330.0,838.0,123.0,105.0,0.18,0.91,0.95,0.8902439024390243,0.9390243902439024
user0385,0,0,1,0.58,0.15,0.47,0.67,0.44,350.0,6.0,6.0,0.0,0.09,0.55,0.51,0.5054945054945056,0.46153846153846156
user0408,0,1,1,0.67,0.5,0.67,0.56,0.5,1533.0,261.0,54.0,0.0,0.09,0.91,0.92,0.9010989010989011,0.9120879120879122
user0435,0,0,1,0.5,0.4,0.53,0.61,0.5,7002.0,635.0,86.0,0.0,0.09,1.0,0.9,1.0,0.8901098901098902
user0436,0,1,1,0.33,0.3,0.47,0.28,0.17,6236.0,746.0,91.0,0.0,0.36,0.82,0.82,0.7187499999999999,0.7187499999999999
user0448,0,0,1,0,0.3,0.4,0.56,0.28,14186.0,826.0,154.0,0.0,0.0,0.64,0.72,0.64,0.72
user0451,0,1,1,0.25,0.1,0.6,0.33,0.28,3331.0,104.0,92.0,10.0,0.09,0.45,0.72,0.3956043956043956,0.6923076923076923
user0426,0,1,1,0.33,0.35,0.53,0.78,0.44,398.0,86.0,11.0,86.0,0.18,0.91,0.49,0.8902439024390243,0.3780487804878048
user0445,0,1,1,0.58,0.4,0.6,0.89,0,9203.0,1048.0,279.0,0.0,0.18,0.91,0.64,0.8902439024390243,0.5609756097560975
user0438,0,1,1,0.58,0.55,0.6,0.67,0.83,300.0,1.0,1.0,0.0,0.09,0.18,0.64,0.0989010989010989,0.6043956043956045
user0401,0,1,1,0.33,0.3,0.6,0.72,0.78,1006.0,119.0,29.0,0.0,0.09,0.64,0.81,0.6043956043956045,0.7912087912087913
user0413,0,1,0,0.67,0.45,1,1,1,3039.0,563.0,47.0,6.0,0.09,,-0.01,,-0.10989010989010987
user0402,0,1,1,0.83,0.95,1,0.78,0.83,1154.0,229.0,27.0,0.0,0.18,0.45,0.94,0.32926829268292684,0.9268292682926829
user0441,0,1,1,0.5,0.1,0.67,0.78,0.67,530.0,86.0,12.0,86.0,0.45,1.0,0.73,1.0,0.509090909090909
user0443,0,1,1,0.5,0.15,0.8,0.78,0.67,4410.0,249.0,109.0,0.0,0.18,0.55,0.82,0.45121951219512196,0.7804878048780486
user0406,0,1,1,0.58,0.35,0.67,0.89,1,556.0,140.0,67.0,140.0,0.73,0.91,0.76,0.6666666666666669,0.1111111111111112
user0409,0,1,1,0.67,0.25,0.53,0.83,0.72,28.0,1.0,1.0,0.0,0.18,0.36,0.87,0.2195121951219512,0.8414634146341462
user0461,0, ,1, , , , , ,5000.0,652.0,91.0,652.0,0.82,0.82,0.88,0.0,0.33333333333333354
user0416,0,1,1,0.33,0.2,0.6,0.61,0.56,3220.0,287.0,70.0,176.0,0.18,,0.83,,0.7926829268292681
user0455,0,1,0,0.67,0,1,0.61,0,1205.0,111.0,23.0,111.0,0.0,,-0.01,,-0.01
user0415,0,1,1,0.58,0.35,0.73,0.67,0.61,8759.0,731.0,116.0,729.0,0.09,0.0,0.98,-0.0989010989010989,0.978021978021978
user0442,0,1,1,0.58,0.75,0.6,0.67,0.17,9159.0,206.0,170.0,206.0,0.64,0.73,0.91,0.24999999999999992,0.7500000000000001
user0450,0,1,1,0.17,0.45,0.33,0.44,0.39,3727.0,238.0,72.0,119.0,0.09,0.18,0.77,0.0989010989010989,0.7472527472527473
user0381,0,1,1,0.5,0.3,0.47,0.44,0.56,2484.0,330.0,52.0,249.0,0.18,,0.92,,0.9024390243902438
user0396,0,1,1,0.67,0.5,0.73,0.67,0.5,3699.0,409.0,78.0,409.0,0.18,0.82,0.93,0.7804878048780486,0.9146341463414633
user0397,0,0,1,0.25,0.55,0.6,0.67,0.61,2471.0,140.0,52.0,136.0,0.18,0.82,0.81,0.7804878048780486,0.7682926829268294
user0403,0,0,1,0.58,0.4,0.67,0.67,0.39,3173.0,501.0,61.0,501.0,0.18,0.73,0.91,0.6707317073170732,0.8902439024390243
user0411,0,1,1,0.5,0.5,0.67,0.5,0.33,224.0,26.0,6.0,26.0,0.09,0.64,0.97,0.6043956043956045,0.967032967032967
user0423,0,0,1,0.83,0.85,0.73,0.72,0.56,240.0,14.0,6.0,14.0,0.36,0.64,0.94,0.43750000000000006,0.9062499999999999
user0452,0,1,1,0.67,0.5,0.53,0.67,0.39,2035.0,51.0,5.0,51.0,0.09,0.82,0.76,0.8021978021978021,0.7362637362637363
user0395,0,1,1,0.67,0.65,0.87,0.78,0.17,1448.0,243.0,35.0,104.0,0.27,,0.91,,0.8767123287671234
user0417,0,0,1,0.67,0.9,0.6,1,0.39,3074.0,416.0,21.0,416.0,0.18,0.91,0.89,0.8902439024390243,0.8658536585365852
user0394,0,0,1,0.5,0.4,0.67,0.67,0.78,2563.0,338.0,55.0,338.0,0.18,0.64,0.91,0.5609756097560975,0.8902439024390243
user0387,0,1,1,0.5,0.35,0.6,0.72,0.72,7385.0,639.0,110.0,639.0,0.27,0.82,0.98,0.7534246575342465,0.9726027397260274
user0404,0,1,1,0.5,0.4,0.67,0.67,0.83,18.0,3.0,3.0,3.0,0.09,0.73,0.89,0.7032967032967032,0.8791208791208791
user0390,0,1,1,1,0.8,1,0.89,0.72,1626.0,85.0,25.0,85.0,1.0,,0.9,,-inf
user0432,0,1,0,0.58,0.65,0.73,0.83,0.94,1002.0,87.0,30.0,87.0,0.18,,-0.01,,-0.23170731707317072
user0400,0,1,1,0.42,0.75,1,0.89,0.78,527.0,74.0,19.0,74.0,0.18,0.82,0.64,0.7804878048780486,0.5609756097560975
user0379,0,1,1,0.75,0.9,1,0.89,0.83,699.0,106.0,9.0,106.0,0.45,1.0,0.98,1.0,0.9636363636363636
user0383,0,1,1,0.67,0.6,0.6,0.78,0.83,745.0,99.0,12.0,99.0,0.18,0.45,0.45,0.32926829268292684,0.32926829268292684
user0389,0,1,1,0.75,0.8,1,0.78,0.83,639.0,87.0,11.0,87.0,0.36,0.73,0.94,0.578125,0.9062499999999999
user0420,0,0,1,0.5,0.85,0.67,0.94,1,6326.0,562.0,94.0,454.0,0.18,0.82,0.94,0.7804878048780486,0.9268292682926829
user0582,1, ,0, , , , , ,0.0,0.0,0.0,0.0,,,-0.01,,
user0587,1, ,0, , , , , ,0.0,0.0,0.0,0.0,,,-0.01,,
user0590,1, ,1, , , , , ,0.0,0.0,0.0,0.0,,,0.96,,
user0507,1,0,1,0.58,0.45,0.6,0.72,0,0.0,0.0,0.0,0.0,0.09,,0.28,,0.20879120879120883
user0514,1,1,1,0.67,0.55,0.4,0.5,0.61,0.0,0.0,0.0,0.0,0.27,,0.8,,0.726027397260274
user0536,1,1,1,0.58,0.15,0.67,0.72,0.5,0.0,0.0,0.0,0.0,0.0,,0.56,,0.56
user0562,1,1,0,0.42,0.45,0.6,0.56,0.44,0.0,0.0,0.0,0.0,0.09,,-0.01,,-0.10989010989010987
user0565,1,0,0,0.75,0.35,0.67,0.72,0.17,0.0,0.0,0.0,0.0,0.27,,-0.01,,-0.3835616438356165
user0568,1,1,0,0.5,0,0.33,0.61,0.17,0.0,0.0,0.0,0.0,0.0,,-0.01,,-0.01
user0585,1,1,0,0.33,0.4,0.53,0.56,0.17,0.0,0.0,0.0,0.0,0.09,,-0.01,,-0.10989010989010987
user0526,1,1,1,0.33,0.6,0.27,0.28,0.5,0.0,0.0,0.0,0.0,0.09,0.64,0.32,0.6043956043956045,0.25274725274725274
user0529,1,1,1,0.58,0.35,0.6,0.72,0.39,0.0,0.0,0.0,0.0,0.09,0.0,0.69,-0.0989010989010989,0.6593406593406593
user0532,1,1,1,0.33,0.25,0.47,0.5,0.44,0.0,0.0,0.0,0.0,0.18,0.18,0.56,0.0,0.4634146341463415
user0541,1,1,1,0.25,0.5,0.67,0.39,0.56,0.0,0.0,0.0,0.0,0.18,0.73,0.78,0.6707317073170732,0.7317073170731708
user0543,1,1,1,0.33,0.25,0.33,0.5,0.5,0.0,0.0,0.0,0.0,0.09,0.27,0.59,0.19780219780219782,0.5494505494505494
user0523,1,1,1,0.75,0.75,0.73,0.72,0.56,0.0,0.0,0.0,0.0,0.45,0.73,0.96,0.509090909090909,0.9272727272727272
user0528,1,1,1,0.5,0.25,0.67,0.61,0.61,0.0,0.0,0.0,0.0,0.0,0.73,0.54,0.73,0.54
user0567,1,1,1,0.33,0.5,0.6,0.61,0.44,1163.0,328.0,0.0,0.0,0.18,0.36,0.29,0.2195121951219512,0.13414634146341461
user0570,1,1,1,0.42,0.45,0.6,0.67,0.11,0.0,0.0,0.0,0.0,0.18,0.55,0.66,0.45121951219512196,0.5853658536585366
user0580,1,0,1,0.33,0.25,0.67,0.61,0.33,0.0,0.0,0.0,0.0,0.18,0.36,0.55,0.2195121951219512,0.45121951219512196
user0572,1,0,1,0.58,0.6,0.87,0.83,0,0.0,0.0,0.0,0.0,0.0,,0.0,,0.0
user0577,1,0,0,0.5,0.6,0.73,0.78,0.56,0.0,0.0,0.0,0.0,0.64,,-0.01,,-1.8055555555555556
user0579,1,0,0,0.67,0.1,1,0.83,0.17,0.0,0.0,0.0,0.0,0.18,,-0.01,,-0.23170731707317072
user0506,1,1,1,0.67,0.45,0.67,0.72,0.72,0.0,0.0,0.0,0.0,0.73,,0.78,,0.18518518518518534
user0537,1,1,1,0.42,0.1,0.87,0.56,0.83,0.0,0.0,0.0,0.0,0.09,,0.91,,0.9010989010989011
user0558,1,1,0,0.5,0.45,0.6,0.44,0.83,0.0,0.0,0.0,0.0,0.0,,-0.01,,-0.01
user0559,1,0,0,0.5,0.5,0.8,0.67,0.67,0.0,0.0,0.0,0.0,0.09,,-0.01,,-0.10989010989010987
user0569,1,1,0,0.58,0.5,0.67,0.67,0.67,0.0,0.0,0.0,0.0,0.45,,-0.01,,-0.8363636363636363
user0505,1,1,1,0.58,0.5,0.8,0.44,0.67,0.0,0.0,0.0,0.0,0.09,0.45,0.58,0.3956043956043956,0.5384615384615384
user0557,1,1,1,0.58,0.5,0.73,0.61,0.83,0.0,0.0,0.0,0.0,0.09,0.64,0.91,0.6043956043956045,0.9010989010989011
user0503,1,1,0,0.83,1,0.93,0.94,1,0.0,0.0,0.0,0.0,0.36,,-0.01,,-0.578125
user0519,1,1,0,0.67,0.55,1,0.83,0.89,0.0,0.0,0.0,0.0,0.18,,-0.01,,-0.23170731707317072
user0552,1,1,0,0.58,0.7,0.73,0.89,1,0.0,0.0,0.0,0.0,0.09,,-0.01,,-0.10989010989010987
user0544,1,1,1,0.58,0.3,0.67,0.83,0.78,0.0,0.0,0.0,0.0,0.09,0.18,0.44,0.0989010989010989,0.3846153846153846
user0513,1,1,1,0.83,0.55,0.8,0.89,1,0.0,0.0,0.0,0.0,0.0,0.73,0.5,0.73,0.5
user0549,1,1,1,0.58,0.5,0.67,0.78,0.83,0.0,0.0,0.0,0.0,0.09,0.27,0.75,0.19780219780219782,0.7252747252747253
user0571,1,0,1,0.42,0.3,0.53,0.78,0.72,0.0,0.0,0.0,0.0,0.18,0.45,0.67,0.32926829268292684,0.5975609756097561
user0535,1, ,1, , , , , ,3773.0,198.0,30.0,0.0,,0.45,0.7,,
user0533,1,0,1,0.58,0.5,0.6,0.72,0.61,10562.0,586.0,150.0,0.0,0.09,,0.82,,0.8021978021978021
user0554,1,1,1,0.5,0.7,0.6,0.61,0.5,4982.0,51.0,51.0,0.0,0.27,,0.85,,0.7945205479452054
user0531,1,1,1,0.58,0.4,0.8,0.5,0.5,662.0,48.0,17.0,0.0,0.09,0.27,0.83,0.19780219780219782,0.8131868131868132
user0538,1,1,1,0.67,0.7,1,0.5,0.5,410.0,12.0,12.0,0.0,0.36,0.09,0.52,-0.421875,0.25000000000000006
user0563,1,1,1,0.5,0.35,0.6,0.33,0.61,8759.0,181.0,159.0,0.0,0.0,0.73,0.92,0.73,0.92
user0566,1,1,1,0.42,0.45,0.53,0.39,0.56,897.0,117.0,18.0,0.0,0.18,0.55,0.95,0.45121951219512196,0.9390243902439024
user0578,1,0,1,0.42,0.55,0.4,0.61,0.61,14389.0,821.0,130.0,196.0,0.18,0.82,0.95,0.7804878048780486,0.9390243902439024
user0530,1,0,1,0.5,0.4,0.8,0.44,0.5,1946.0,168.0,36.0,0.0,0.0,,0.75,,0.75
user0560,1,0,1,0.25,0.3,0.2,0.5,0.5,6429.0,186.0,94.0,0.0,0.0,0.27,0.57,0.27,0.57
user0510,1,0,1,0.75,0.65,0.93,0.94,0.44,1525.0,110.0,24.0,0.0,0.18,,0.9,,0.8780487804878048
user0574,1,1,1,0.67,0.85,1,0.83,0.5,1338.0,118.0,35.0,0.0,0.0,,0.8,,0.8
user0553,1,0,1,0.58,0.9,0.73,0.83,0.17,1936.0,243.0,23.0,0.0,0.18,0.73,0.94,0.6707317073170732,0.9268292682926829
user0583,1,1,1,0.5,0.75,0.47,0.22,0.67,656.0,99.0,12.0,0.0,0.36,0.82,0.85,0.7187499999999999,0.765625
user0561,1,1,1,0.58,0.55,0.53,0.61,0.67,591.0,44.0,18.0,0.0,0.82,0.73,0.7,-0.49999999999999967,-0.6666666666666664
user0512,1,0,1,0.5,0.25,0.6,0.67,0.67,7718.0,643.0,124.0,627.0,0.0,0.73,0.96,0.73,0.96
user0524,1,1,1,0.58,0.65,0.73,0.72,0.67,1056.0,105.0,29.0,105.0,0.18,,0.61,,0.5243902439024389
user0539,1,1,1,0.58,0.6,0.67,0.67,0.67,1848.0,290.0,43.0,0.0,0.27,0.82,1.0,0.7534246575342465,1.0
user0547,1,1,1,0.58,0.45,0.6,0.67,0.67,638.0,99.0,15.0,99.0,0.18,0.91,0.97,0.8902439024390243,0.9634146341463414
user0573,1,0,1,0.58,0.5,0.67,0.67,0.67,893.0,104.0,23.0,0.0,0.0,0.55,0.9,0.55,0.9
user0511,1,0,1,0.75,0.1,0.6,0.78,0.72,2912.0,97.0,50.0,0.0,0.18,0.82,0.85,0.7804878048780486,0.8170731707317072
user0517,1,1,1,0.17,0.55,0.47,0.83,0.83,5741.0,771.0,105.0,0.0,0.18,0.64,0.89,0.5609756097560975,0.8658536585365852
user0548,1,0,1,0.75,0.5,1,0.78,0.67,677.0,108.0,20.0,108.0,0.0,0.09,0.6,0.09,0.6
user0581,1,1,1,0.75,0.95,0.87,0.83,0.72,63.0,3.0,3.0,0.0,0.82,0.91,0.95,0.5000000000000003,0.7222222222222221
user0545,1, ,0, , , , , ,91.0,2.0,2.0,2.0,0.55,,-0.01,,-1.2444444444444447
user0586,1, ,0, , , , , ,1416.0,208.0,33.0,208.0,,,-0.01,,
user0508,1, ,1, , , , , ,74.0,3.0,3.0,3.0,0.09,0.09,0.76,0.0,0.7362637362637363
user0527,1,0,1,0.42,0.25,0.6,0.67,0.17,3157.0,252.0,26.0,252.0,0.18,0.36,0.93,0.2195121951219512,0.9146341463414633
user0564,1,1,1,0.42,0.55,0.67,0.39,0.5,3189.0,322.0,67.0,322.0,0.09,0.0,0.95,-0.0989010989010989,0.945054945054945
user0575,1,1,1,0.42,0.6,0.47,0.67,0.5,1118.0,184.0,28.0,116.0,0.09,0.27,0.87,0.19780219780219782,0.8571428571428571
user0576,1,0,1,0.17,0.15,0.33,0.33,0.06,858.0,125.0,25.0,125.0,0.27,0.36,0.6,0.12328767123287668,0.4520547945205479
user0504,1,0,1,0.33,0.5,0.87,0.39,0,1737.0,109.0,33.0,109.0,0.18,0.64,0.59,0.5609756097560975,0.49999999999999994
user0522,1,1,1,0.58,0.5,0.6,0.72,0.39,954.0,113.0,22.0,113.0,0.18,0.55,0.92,0.45121951219512196,0.9024390243902438
user0555,1,1,1,0.58,0.5,0.6,0.61,0.44,132.0,3.0,3.0,3.0,0.27,0.82,0.87,0.7534246575342465,0.821917808219178
user0534,1,0,1,0.58,0,0.87,0.83,0.44,10054.0,706.0,219.0,701.0,0.09,0.73,0.87,0.7032967032967032,0.8571428571428571
user0551,1,1,1,0.58,0.65,0.47,0.78,0.33,6312.0,464.0,87.0,464.0,0.73,,0.92,,0.7037037037037038
user0509,1,0,1,0.58,0.3,0.6,0.78,0.17,3909.0,194.0,53.0,4.0,0.09,0.82,0.6,0.8021978021978021,0.5604395604395604
user0584,1,1,1,0.58,0.6,0.6,0.67,0.83,4363.0,367.0,45.0,343.0,0.36,0.82,0.94,0.7187499999999999,0.9062499999999999
user0525,1,1,1,0.67,0.45,0.73,0.67,0.67,1004.0,239.0,21.0,239.0,0.73,0.91,0.94,0.6666666666666669,0.7777777777777776
user0540,1,1,1,0.75,0.7,1,0.67,0.67,2110.0,74.0,34.0,74.0,0.0,0.91,0.9,0.91,0.9
user0550,1,1,1,0.83,0.7,1,0.67,0.89,4507.0,857.0,108.0,574.0,0.91,0.64,0.98,-3.0000000000000013,0.7777777777777775
user0546,1,1,1,0.75,0.7,0.87,0.83,0.94,1226.0,165.0,28.0,165.0,0.55,,0.83,,0.6222222222222221
user0516,1,1,1,1,0.8,1,0.94,0.67,962.0,208.0,25.0,208.0,0.18,0.82,0.88,0.7804878048780486,0.8536585365853657
user0518,1,0,1,0.83,0.9,0.93,0.83,0.67,8379.0,677.0,162.0,677.0,0.45,0.91,0.93,0.8363636363636363,0.8727272727272727
user0520,1,1,1,0.67,0.8,1,0.94,0.72,8781.0,560.0,94.0,560.0,0.36,0.82,0.95,0.7187499999999999,0.9218749999999999
user0515,1,1,1,0.75,0.75,0.87,1,0.72,3396.0,268.0,37.0,215.0,,1.0,0.91,,
user0521,1,0,1,0.67,0.55,0.8,0.78,0.67,13652.0,718.0,152.0,691.0,0.55,0.91,0.98,0.8,0.9555555555555555
user0542,1,0,1,0.67,0.65,0.87,0.83,0.83,978.0,23.0,23.0,23.0,0.27,0.82,0.89,0.7534246575342465,0.8493150684931507
user0711,1, ,0, , , , , ,0.0,0.0,0.0,0.0,,,-0.01,,
user0715,1, ,1, , , , , ,0.0,0.0,0.0,0.0,,,0.41,,
user0687,1, ,1, , , , , ,0.0,0.0,0.0,0.0,,,0.34,,
user0628,1,1,0,0.33,0.1,0.47,0.39,0.5,0.0,0.0,0.0,0.0,0.0,,-0.01,,-0.01
user0639,1,1,1,0.58,0.05,0.6,0.61,0.61,0.0,0.0,0.0,0.0,0.18,,0.57,,0.4756097560975609
user0655,1,1,0,0.67,0.7,0.73,0.67,0.5,0.0,0.0,0.0,0.0,0.73,,-0.01,,-2.7407407407407405
user0656,1,1,0,0.58,0,0.6,0.67,0.5,0.0,0.0,0.0,0.0,0.09,,-0.01,,-0.10989010989010987
user0664,1,0,0,0.5,0.3,0.6,0.44,0.17,0.0,0.0,0.0,0.0,0.09,,-0.01,,-0.10989010989010987
user0696,1,1,1,0.5,0.15,0.4,0.67,0.5,0.0,0.0,0.0,0.0,0.09,,0.51,,0.46153846153846156
user0704,1,1,1,0.42,0.65,0.73,0.72,0.33,0.0,0.0,0.0,0.0,0.27,,0.55,,0.3835616438356165
user0709,1,1,1,0.67,0.65,0.73,0.56,0.44,0.0,0.0,0.0,0.0,0.36,,0.46,,0.15625000000000006
user0633,1,1,1,0.58,0.5,0.67,0.56,0.5,0.0,0.0,0.0,0.0,0.18,0.64,0.93,0.5609756097560975,0.9146341463414633
user0644,1,1,1,0.67,0.5,0.93,0.72,0.61,0.0,0.0,0.0,0.0,0.18,0.36,0.73,0.2195121951219512,0.6707317073170732
user0646,1,1,1,0.58,0.25,0.6,0.67,0.5,0.0,0.0,0.0,0.0,0.09,0.27,0.82,0.19780219780219782,0.8021978021978021
user0671,1,1,1,0.58,0.5,0.73,0.72,0.56,0.0,0.0,0.0,0.0,0.18,0.18,0.44,0.0,0.3170731707317073
user0685,1,1,1,0.5,0.4,0.47,0.33,0.39,0.0,0.0,0.0,0.0,0.09,0.73,0.96,0.7032967032967032,0.956043956043956
user0700,1,1,1,0.5,0.65,0.67,0.56,0.5,357.0,127.0,0.0,127.0,0.0,0.36,0.63,0.36,0.63
user0632,1,1,1,0.67,0.5,0.6,0.56,0.28,0.0,0.0,0.0,0.0,0.09,0.73,0.74,0.7032967032967032,0.7142857142857143
user0638,1,1,1,0.67,0.65,0.6,0.61,0.61,0.0,0.0,0.0,0.0,0.18,0.55,0.92,0.45121951219512196,0.9024390243902438
user0672,1,0,1,0.42,0.45,0.67,0.72,0,0.0,0.0,0.0,0.0,0.09,0.64,0.62,0.6043956043956045,0.5824175824175825
user0674,1,1,1,0.5,0.2,0.67,0.61,0.39,0.0,0.0,0.0,0.0,0.45,0.36,0.54,-0.16363636363636366,0.16363636363636366
user0689,1,1,1,0.5,0.4,0.67,0.67,0.5,0.0,0.0,0.0,0.0,0.18,0.45,0.6,0.32926829268292684,0.5121951219512194
user0691,1,0,1,0.42,0.35,0.8,0.28,0.61,0.0,0.0,0.0,0.0,0.09,0.36,0.73,0.2967032967032967,0.7032967032967032
user0697,1,1,1,0.5,0.7,0.4,0.33,0.61,0.0,0.0,0.0,0.0,0.18,0.18,0.56,0.0,0.4634146341463415
user0630,1,1,0,0.67,0.7,0.67,0.78,0,0.0,0.0,0.0,0.0,0.82,,-0.01,,-4.61111111111111
user0661,1,0,1,0.33,0.55,0.8,0.83,0.22,0.0,0.0,0.0,0.0,0.0,,0.95,,0.95
user0708,1,1,0,0.67,0.75,0.8,0.83,0.5,0.0,0.0,0.0,0.0,0.36,,-0.01,,-0.578125
user0643,1,1,1,0.58,0.65,0.93,0.83,0,0.0,0.0,0.0,0.0,0.36,0.73,0.79,0.578125,0.6718750000000001
user0654,1,1,1,0.67,1,1,1,0,0.0,0.0,0.0,0.0,0.09,0.55,0.89,0.5054945054945056,0.8791208791208791
user0675,1,0,0,0.5,0.45,0.67,0.61,0.67,0.0,0.0,0.0,0.0,0.09,,-0.01,,-0.10989010989010987
user0683,1,0,1,0.5,0.05,0.73,0.72,0.72,0.0,0.0,0.0,0.0,0.09,0.45,0.7,0.3956043956043956,0.6703296703296703
user0699,1,1,0,0.42,0.5,0.53,0.5,0.72,0.0,0.0,0.0,0.0,0.09,,-0.01,,-0.10989010989010987
user0702,1,1,0,0.42,0.5,0.53,0.67,0.67,0.0,0.0,0.0,0.0,0.09,,-0.01,,-0.10989010989010987
user0706,1,1,0,0.67,0.75,0.67,0.67,0.67,0.0,0.0,0.0,0.0,0.73,,-0.01,,-2.7407407407407405
user0649,1,1,1,0.58,0.4,0.67,0.61,0.67,0.0,0.0,0.0,0.0,0.09,0.36,0.73,0.2967032967032967,0.7032967032967032
user0688,1,1,1,0.67,0.1,0.67,0.56,0.72,0.0,0.0,0.0,0.0,0.18,0.64,0.85,0.5609756097560975,0.8170731707317072
user0692,1,1,1,0.5,0.7,0.73,0.61,0.72,0.0,0.0,0.0,0.0,0.36,0.55,0.87,0.2968750000000001,0.796875
user0636,1,1,1,0.5,0.7,0.53,0.5,0.67,0.0,0.0,0.0,0.0,0.18,0.45,0.86,0.32926829268292684,0.8292682926829267
user0626,1,0, ,1,1,1,1,1,0.0,0.0,0.0,0.0,,,,,
user0647,1,1,0,0.5,0.6,0.73,0.78,0.83,0.0,0.0,0.0,0.0,0.45,,-0.01,,-0.8363636363636363
user0666,1,1,0,0.92,0.9,0.73,0.83,0.83,0.0,0.0,0.0,0.0,0.27,,-0.01,,-0.3835616438356165
user0669,1,1,1,0.92,0.6,0.87,0.94,1,0.0,0.0,0.0,0.0,0.18,,0.84,,0.8048780487804876
user0676,1,1,1,0.67,0.85,0.93,0.78,0.94,0.0,0.0,0.0,0.0,0.82,,0.84,,0.11111111111111117
user0693,1,0,1,0.58,0.7,0.87,0.89,0.83,0.0,0.0,0.0,0.0,0.27,,0.77,,0.684931506849315
user0670,1,0,1,0.42,0.55,0.67,0.78,0.78,0.0,0.0,0.0,0.0,0.64,1.0,0.92,1.0,0.7777777777777779
user0698,1,1,1,0.42,0.5,0.47,0.44,0.5,1372.0,239.0,64.0,239.0,0.27,,0.53,,0.35616438356164387
user0705,1,1,1,0.5,0.75,0.73,0.44,0.28,26.0,9.0,1.0,0.0,0.36,,0.6,,0.375
user0640,1,1,1,0.5,0.3,0.67,0.5,0.56,3783.0,72.0,50.0,0.0,0.09,0.55,0.81,0.5054945054945056,0.7912087912087913
user0653,1,1,1,0.75,0.85,0.8,0.56,0.61,3348.0,387.0,54.0,0.0,0.82,,0.94,,0.6666666666666664
user0658,1,1,1,0.58,0.75,0.6,0.56,0.5,1188.0,111.0,25.0,111.0,0.18,0.73,0.61,0.6707317073170732,0.5243902439024389
user0690,1,0,1,0.42,0,0.67,0.5,0.5,1124.0,151.0,8.0,0.0,0.09,0.55,0.91,0.5054945054945056,0.9010989010989011
user0695,1,0,1,0.33,1,0.73,0.5,0.5,2657.0,223.0,42.0,0.0,0.0,0.09,0.85,0.09,0.85
user0673,1,1,1,0.33,0,0.67,0.44,0.33,2239.0,227.0,34.0,0.0,0.0,0.55,0.79,0.55,0.79
user0657,1,1,1,0.42,0.65,0.6,1,0.5,1549.0,59.0,37.0,0.0,0.09,0.45,0.61,0.3956043956043956,0.5714285714285714
user0663,1,1,1,0.58,0.5,0.6,0.78,0.33,3065.0,59.0,50.0,0.0,0.36,0.64,0.79,0.43750000000000006,0.6718750000000001
user0665,1,0,1,0.5,0.2,0.33,0.67,0.78,302.0,29.0,13.0,0.0,0.18,,0.86,,0.8292682926829267
user0667,1,1,1,0.58,0.45,0.73,0.67,0.83,2343.0,194.0,43.0,0.0,0.36,0.73,0.85,0.578125,0.765625
user0645,1,1,1,0.58,0.65,0.6,0.78,0.78,1431.0,173.0,25.0,0.0,0.18,0.91,0.9,0.8902439024390243,0.8780487804878048
user0662,1,0,1,0.5,0.4,0.73,0.83,0.83,529.0,79.0,5.0,15.0,0.0,0.0,0.53,0.0,0.53
user0701,1,0,1,0.75,0.5,1,0.89,0.72,1410.0,105.0,14.0,103.0,0.09,0.36,0.91,0.2967032967032967,0.9010989010989011
user0634,1,0,1,0.67,0.4,0.67,0.89,0.83,1046.0,246.0,15.0,0.0,,0.64,0.95,,
user0668,1,1,1,0.67,0.35,0.67,0.78,0.72,2070.0,80.0,78.0,0.0,0.09,0.55,0.89,0.5054945054945056,0.8791208791208791
user0710,1,0,1,0.67,0.6,0.87,0.78,0.83,1604.0,277.0,27.0,0.0,0.18,0.45,0.86,0.32926829268292684,0.8292682926829267
user0678,1,0,1,0.5,0.35,0.4,0.56,0.5,889.0,96.0,16.0,96.0,0.27,0.91,0.91,0.8767123287671234,0.8767123287671234
user0684,1,0,1,0.25,0.15,0.6,0.33,0.44,8433.0,666.0,179.0,666.0,0.09,0.36,0.5,0.2967032967032967,0.45054945054945056
user0707,1,0,1,0.67,0.25,0.8,0.61,0.44,3170.0,161.0,59.0,161.0,0.09,0.0,0.47,-0.0989010989010989,0.4175824175824176
user0694,1,0,0,0.67,0.7,0.67,0.78,0.28,69.0,3.0,3.0,3.0,0.0,,-0.01,,-0.01
user0686,1,0,1,0.92,0.75,0.93,0.83,0.44,1248.0,137.0,23.0,91.0,0.0,0.64,0.89,0.64,0.89
user0629,1,1,1,0.42,0.6,0.67,0.67,0.72,8354.0,852.0,157.0,696.0,1.0,1.0,0.91,,-inf
user0677,1,0,1,0.42,0.35,0.67,0.72,0.72,2369.0,605.0,41.0,365.0,0.09,0.64,0.71,0.6043956043956045,0.6813186813186813
user0631,1,1,1,0.5,0.45,0.6,0.72,0.83,1010.0,41.0,36.0,41.0,0.09,0.73,0.98,0.7032967032967032,0.978021978021978
user0635,1,1,1,0.42,0.3,0.6,0.67,0.72,2190.0,315.0,25.0,315.0,0.18,0.73,0.91,0.6707317073170732,0.8902439024390243
user0641,1,0,1,0.33,0.55,0.47,0.72,0.94,3616.0,456.0,93.0,456.0,0.09,0.18,0.55,0.0989010989010989,0.5054945054945056
user0659,1,1,1,0.58,0.1,0.87,0.83,0.83,4193.0,328.0,64.0,328.0,0.09,0.64,0.95,0.6043956043956045,0.945054945054945
user0703,1,1,1,0.5,0.65,0.8,0.78,0.72,2106.0,411.0,27.0,411.0,0.09,,0.67,,0.6373626373626374
user0660,1,1,1,0.67,0.8,1,0.83,0.89,6261.0,802.0,154.0,603.0,0.64,0.82,0.85,0.49999999999999983,0.5833333333333333
user0680,1,1,1,0.58,0.75,0.67,0.83,0.67,8406.0,697.0,167.0,697.0,0.73,1.0,0.96,1.0,0.8518518518518517
user0637,1,1,1,0.58,0.3,0.67,0.89,0.72,4155.0,245.0,45.0,245.0,0.18,0.73,0.9,0.6707317073170732,0.8780487804878048
user0642,1,0,1,0.92,0.65,0.8,0.94,0.78,15046.0,842.0,124.0,690.0,0.18,1.0,0.99,1.0,0.9878048780487805
user0648,1,1,1,0.67,0.5,0.8,0.89,0.67,2450.0,323.0,87.0,323.0,0.18,0.27,0.69,0.10975609756097564,0.6219512195121951
user0650,1,1,1,0.67,0.6,0.67,1,0.78,7075.0,498.0,73.0,269.0,0.27,0.91,0.92,0.8767123287671234,0.8904109589041096
user0651,1,1,1,0.67,0.5,1,0.83,0.83,6233.0,593.0,109.0,527.0,0.73,0.91,0.93,0.6666666666666669,0.7407407407407409
user0652,1,0,1,0.58,0.6,0.73,0.78,0.72,1639.0,209.0,39.0,206.0,0.27,1.0,0.99,1.0,0.9863013698630136
user0679,1,1,1,0.75,0.5,0.67,0.89,0.67,120.0,4.0,4.0,4.0,0.09,0.64,0.95,0.6043956043956045,0.945054945054945
user0780,1, ,0, , , , , ,0.0,0.0,0.0,0.0,0.09,,-0.01,,-0.10989010989010987
user0809,1, ,0, , , , , ,0.0,0.0,0.0,0.0,,,-0.01,,
user0830,1, ,0, , , , , ,0.0,0.0,0.0,0.0,,,-0.01,,
user0837,1, ,0, , , , , ,0.0,0.0,0.0,0.0,,,-0.01,,
user0840,1, ,1, , , , , ,0.0,0.0,0.0,0.0,,,0.55,,
user0836,1, ,1, , , , , ,0.0,0.0,0.0,0.0,,,0.81,,
user0755,1,1,1,0.33,0,0.67,0.5,0.5,0.0,0.0,0.0,0.0,0.18,,0.5,,0.39024390243902435
user0757,1,1,1,0.67,0.5,0.87,0.67,0.56,0.0,0.0,0.0,0.0,0.0,,0.86,,0.86
user0801,1,1,1,0.67,0.65,0.67,0.56,0.28,0.0,0.0,0.0,0.0,0.09,,0.86,,0.8461538461538461
user0811,1,1,1,0.25,0.45,0.53,0.5,0.44,0.0,0.0,0.0,0.0,0.09,,0.89,,0.8791208791208791
user0813,1,1,1,0.58,0.55,0.8,0.72,0.61,0.0,0.0,0.0,0.0,0.18,,0.9,,0.8780487804878048
user0820,1,1,0,0.58,0.25,0.53,0.5,0.5,0.0,0.0,0.0,0.0,0.09,,-0.01,,-0.10989010989010987
user0822,1,1,0,0.67,0.5,0.53,0.5,0.5,0.0,0.0,0.0,0.0,0.09,,-0.01,,-0.10989010989010987
user0834,1,1,0,0.5,0.5,0.67,0.61,0.61,0.0,0.0,0.0,0.0,0.0,,-0.01,,-0.01
user0765,1,1,1,0.33,0.4,0.6,0.5,0,0.0,0.0,0.0,0.0,0.09,0.45,0.82,0.3956043956043956,0.8021978021978021
user0770,1,1,1,0.17,0.25,0.33,0.28,0.22,0.0,0.0,0.0,0.0,0.09,0.0,0.66,-0.0989010989010989,0.6263736263736264
user0785,1,1,1,0.42,0.15,0.53,0.39,0.56,0.0,0.0,0.0,0.0,0.09,0.82,0.94,0.8021978021978021,0.934065934065934
user0799,1,1,1,0.5,0.35,0.73,0.61,0.17,0.0,0.0,0.0,0.0,0.09,0.82,0.91,0.8021978021978021,0.9010989010989011
user0804,1,0,1,0.25,0,0.13,0.72,0.5,0.0,0.0,0.0,0.0,0.18,0.36,0.6,0.2195121951219512,0.5121951219512194
user0806,1,1,1,0.42,0.7,0.67,0.72,0.33,0.0,0.0,0.0,0.0,0.27,1.0,0.67,1.0,0.5479452054794521
user0826,1,1,1,0.58,0.6,0.67,0.72,0.5,0.0,0.0,0.0,0.0,0.45,0.36,0.94,-0.16363636363636366,0.8909090909090908
user0835,1,0,1,0.5,0.15,0.93,0.56,0.33,0.0,0.0,0.0,0.0,0.09,,0.51,,0.46153846153846156
user0764,1,1,1,0.5,0.45,0.6,0.56,0.44,0.0,0.0,0.0,0.0,0.18,0.91,0.98,0.8902439024390243,0.975609756097561
user0777,1,0,1,0.58,0.2,0.67,0.67,0.44,0.0,0.0,0.0,0.0,0.09,0.64,0.89,0.6043956043956045,0.8791208791208791
user0766,1,1,1,1,0.9,0.8,0.83,0.56,0.0,0.0,0.0,0.0,0.55,,0.9,,0.7777777777777778
user0795,1,1,1,0.67,0.65,0.73,0.83,0.56,0.0,0.0,0.0,0.0,0.18,,0.79,,0.7439024390243903
user0823,1,1,0,0.33,0.25,0.6,0.78,0.56,0.0,0.0,0.0,0.0,0.0,,-0.01,,-0.01
user0783,1,1,1,0.42,0.1,0.8,0.78,0.56,0.0,0.0,0.0,0.0,0.18,0.55,0.8,0.45121951219512196,0.7560975609756099
user0793,1,1,1,0.67,0.55,0.87,0.89,0.5,0.0,0.0,0.0,0.0,0.0,0.91,0.63,0.91,0.63
user0763,1,0,1,0.58,0.5,0.6,0.83,0.61,0.0,0.0,0.0,0.0,0.09,0.64,0.86,0.6043956043956045,0.8461538461538461
user0786,1,0,1,0.5,0.1,0.53,0.78,0.44,0.0,0.0,0.0,0.0,0.09,0.36,0.68,0.2967032967032967,0.6483516483516484
user0789,1,1,0,0.33,0.25,0.8,0.5,0.67,0.0,0.0,0.0,0.0,0.09,,-0.01,,-0.10989010989010987
user0805,1,1,1,0.5,0.5,0.87,0.67,0.72,0.0,0.0,0.0,0.0,0.09,,0.45,,0.3956043956043956
user0756,1,0,1,0.5,0.6,0.67,0.61,0.72,0.0,0.0,0.0,0.0,0.09,0.36,0.79,0.2967032967032967,0.7692307692307693
user0782,1,1,1,0.58,0.1,0.67,0.67,0.67,0.0,0.0,0.0,0.0,0.09,0.64,0.77,0.6043956043956045,0.7472527472527473
user0784,1,1,1,0.58,0.65,0.67,0.72,0.67,0.0,0.0,0.0,0.0,0.18,1.0,0.92,1.0,0.9024390243902438
user0810,1,1,1,0.67,0.15,0.53,0.61,0.67,0.0,0.0,0.0,0.0,0.18,0.91,0.92,0.8902439024390243,0.9024390243902438
user0829,1,1,1,0.58,0.2,0.6,0.67,0.67,0.0,0.0,0.0,0.0,0.09,1.0,0.95,1.0,0.945054945054945
user0831,1,1,1,0.58,0.2,1,0.67,1,0.0,0.0,0.0,0.0,0.27,0.64,0.88,0.5068493150684932,0.8356164383561644
user0774,1,1,0,0.58,0.35,0.67,0.83,0.78,0.0,0.0,0.0,0.0,0.64,,-0.01,,-1.8055555555555556
user0816,1,0,1,0.67,0.65,0.67,0.83,0.67,0.0,0.0,0.0,0.0,0.18,,0.66,,0.5853658536585366
user0833,1,1,1,0.5,1,0.67,1,1,0.0,0.0,0.0,0.0,0.09,,0.47,,0.4175824175824176
user0752,1,0,1,0.67,0.65,0.93,0.83,0.83,0.0,0.0,0.0,0.0,0.18,0.55,0.89,0.45121951219512196,0.8658536585365852
user0776,1,1,1,0.67,0.75,0.67,0.83,0.78,0.0,0.0,0.0,0.0,0.18,0.91,0.88,0.8902439024390243,0.8536585365853657
user0779,1,1,1,0.5,0.6,0.8,0.94,0.78,0.0,0.0,0.0,0.0,0.36,0.55,0.79,0.2968750000000001,0.6718750000000001
user0814,1,1,1,0.58,0.65,0.67,0.78,0.72,0.0,0.0,0.0,0.0,0.09,0.18,0.65,0.0989010989010989,0.6153846153846154
user0768,1,1,1,0.33,0.5,0.67,0.67,0.61,6178.0,137.0,88.0,137.0,0.09,,0.6,,0.5604395604395604
user0802,1,0,0,0.5,0.6,0.87,0.61,0.11,34.0,2.0,2.0,2.0,0.64,,-0.01,,-1.8055555555555556
user0818,1,1,1,0.33,0.35,0.47,0.22,0.5,10801.0,819.0,153.0,0.0,0.55,,0.83,,0.6222222222222221
user0781,1,0,1,0.5,0.45,0.6,0.67,0.44,205.0,10.0,10.0,10.0,0.27,0.0,0.66,-0.36986301369863017,0.5342465753424658
user0791,1,1,1,0.5,0.65,0.47,0.5,0.56,6494.0,876.0,203.0,0.0,0.09,0.73,0.69,0.7032967032967032,0.6593406593406593
user0797,1,0,1,0.58,0.35,0.67,0.67,0.44,2305.0,383.0,18.0,0.0,0.18,0.82,0.89,0.7804878048780486,0.8658536585365852
user0812,1,1,1,0.42,0.35,0.67,0.44,0.39,164.0,5.0,4.0,0.0,0.0,0.64,0.88,0.64,0.88
user0815,1,0,1,0.67,0.3,0.6,0.5,0.39,648.0,46.0,20.0,0.0,0.09,0.73,0.94,0.7032967032967032,0.934065934065934
user0824,1,1,1,0.58,0.25,0.47,0.5,0,3812.0,585.0,76.0,585.0,0.0,0.82,0.94,0.82,0.94
user0825,1,0,1,0.33,0.2,0.6,0.5,0.61,2850.0,340.0,79.0,5.0,0.09,0.45,0.95,0.3956043956043956,0.945054945054945
user0790,1,0,1,0.5,0.35,0.67,0.61,0.5,3863.0,327.0,55.0,0.0,0.18,0.45,0.65,0.32926829268292684,0.573170731707317
user0803,1,1,1,0.42,0.45,0.67,0.5,0.22,1048.0,381.0,13.0,0.0,0.09,0.45,0.25,0.3956043956043956,0.1758241758241758
user0827,1,1,1,0.75,0.6,0.67,0.72,0.67,839.0,112.0,24.0,0.0,0.18,0.27,0.82,0.10975609756097564,0.7804878048780486
user0794,1,1,0,0.75,0.5,0.8,0.94,0.67,728.0,96.0,17.0,96.0,0.09,,-0.01,,-0.10989010989010987
user0817,1,1,1,0.58,0.65,0.6,0.78,0.78,9428.0,776.0,156.0,0.0,0.18,0.73,0.76,0.6707317073170732,0.7073170731707318
user0832,1,1,0,0.75,0.8,1,0.83,0.67,4138.0,730.0,106.0,0.0,0.91,,-0.01,,-10.222222222222227
user0769,1,1,1,0.67,0.45,0.93,0.89,0.83,972.0,106.0,33.0,106.0,0.09,0.73,0.85,0.7032967032967032,0.8351648351648352
user0819,1,1,1,0.67,0.5,0.67,0.83,0.83,1450.0,376.0,13.0,0.0,0.18,0.82,0.83,0.7804878048780486,0.7926829268292681
user0838,1, ,1, , , , , ,5071.0,145.0,53.0,38.0,,0.55,0.84,,
user0778,1,0,1,0.33,0.45,0.53,0.61,0.5,2275.0,408.0,41.0,408.0,0.09,,0.31,,0.24175824175824176
user0788,1,1,0,0.5,0.3,0.6,0.44,0.22,3448.0,164.0,49.0,164.0,0.09,,-0.01,,-0.10989010989010987
user0808,1,1,1,0.42,0.55,0.67,0.61,0.61,1910.0,352.0,28.0,352.0,0.36,,0.88,,0.8125
user0753,1,1,1,0.58,0.55,0.87,0.67,0,657.0,84.0,16.0,84.0,0.09,0.64,0.91,0.6043956043956045,0.9010989010989011
user0758,1,1,1,0.5,0.6,0.67,0.5,0,2152.0,52.0,37.0,50.0,0.55,1.0,1.0,1.0,1.0
user0754,1,1,0,0.5,0.65,0.53,0.67,0.5,5617.0,970.0,247.0,878.0,0.18,0.18,-0.01,0.0,-0.23170731707317072
user0775,1,1,0,0.75,0.3,0.87,0.89,0.22,1165.0,60.0,23.0,60.0,0.18,,-0.01,,-0.23170731707317072
user0762,1,1,1,0.83,0.7,0.67,0.83,0.56,3311.0,378.0,65.0,189.0,0.27,1.0,0.9,1.0,0.863013698630137
user0772,1,1,1,0.92,0.9,1,1,0.61,4393.0,322.0,80.0,322.0,0.45,0.82,0.9,0.6727272727272726,0.8181818181818181
user0771,1,1,0,0.58,0.6,0.8,0.56,0.83,1394.0,189.0,23.0,189.0,0.0,,-0.01,,-0.01
user0800,1,0,1,0.5,0.5,0.53,0.61,0.67,2470.0,136.0,21.0,136.0,0.27,,0.89,,0.8493150684931507
user0759,1,1,1,0.58,0.5,0.67,0.67,0.67,404.0,41.0,8.0,41.0,0.18,0.55,0.83,0.45121951219512196,0.7926829268292681
user0807,1,0,1,0.58,0.05,0.73,0.67,0.67,852.0,101.0,14.0,101.0,0.09,0.55,0.91,0.5054945054945056,0.9010989010989011
user0773,1,0,1,0.67,0.75,0.6,0.72,0.83,1384.0,105.0,17.0,105.0,0.36,0.64,0.88,0.43750000000000006,0.8125
user0787,1,1,1,1,0.65,0.73,0.67,0.67,88.0,4.0,4.0,4.0,0.09,0.82,0.93,0.8021978021978021,0.9230769230769231
user0828,1,1,1,0.5,0.35,1,0.56,0.67,1033.0,112.0,13.0,89.0,0.09,0.55,0.87,0.5054945054945056,0.8571428571428571
user0796,1,1,1,0.5,0.45,0.53,0.89,0.72,1538.0,106.0,22.0,106.0,0.18,,0.52,,0.4146341463414634
user0760,1,1,1,0.67,0.45,0.73,0.89,0.67,7587.0,859.0,140.0,232.0,0.09,0.91,0.97,0.9010989010989011,0.967032967032967
user0761,1,1,1,0.92,1,0.8,1,1,5053.0,786.0,67.0,786.0,0.82,0.91,0.94,0.5000000000000003,0.6666666666666664
user0767,1,1,1,0.67,0.75,1,0.83,0.94,1400.0,173.0,27.0,162.0,0.73,0.91,0.79,0.6666666666666669,0.2222222222222224
user0792,1,1,1,0.25,0.3,0.6,0.83,1,1387.0,125.0,39.0,125.0,0.09,0.64,0.87,0.6043956043956045,0.8571428571428571
user0798,1,1,1,0.92,0.85,0.93,0.83,0.72,2705.0,73.0,43.0,69.0,0.09,0.45,0.92,0.3956043956043956,0.9120879120879122
user0821,1,0,1,0.75,0.5,0.73,0.94,0.67,1562.0,83.0,31.0,53.0,0.27,0.82,0.94,0.7534246575342465,0.9178082191780821
user0945,1, ,0, , , , , ,0.0,0.0,0.0,0.0,,,-0.01,,
user0955,1, ,0, , , , , ,0.0,0.0,0.0,0.0,,,-0.01,,
user0961,1, ,0, , , , , ,0.0,0.0,0.0,0.0,,,-0.01,,
user0962,1, ,0, , , , , ,0.0,0.0,0.0,0.0,,,-0.01,,
user0963,1, ,0, , , , , ,0.0,0.0,0.0,0.0,,,-0.01,,
user0964,1, ,1, , , , , ,0.0,0.0,0.0,0.0,,,0.67,,
user0901,1,1,0,0.33,0.1,0.6,0.72,0.28,0.0,0.0,0.0,0.0,0.09,,-0.01,,-0.10989010989010987
user0905,1,1,1,0.42,0.55,0.6,0.61,0.17,0.0,0.0,0.0,0.0,0.27,,0.86,,0.8082191780821918
user0921,1,1,1,0.67,0.9,0.87,0.67,0.61,0.0,0.0,0.0,0.0,0.45,,0.85,,0.7272727272727272
user0928,1,0,0,0.42,0.55,0.87,0.67,0,0.0,0.0,0.0,0.0,0.09,,-0.01,,-0.10989010989010987
user0931,1,1,1,0.67,0.6,0.47,0.56,0.56,0.0,0.0,0.0,0.0,0.45,,0.92,,0.8545454545454545
user0932,1,0,0,0.33,0.1,0.47,0.56,0.44,0.0,0.0,0.0,0.0,0.09,,-0.01,,-0.10989010989010987
user0941,1,1,0,0.5,0.25,0.6,0.5,0.5,0.0,0.0,0.0,0.0,0.0,,-0.01,,-0.01
user0949,1,1,0,0.58,0.35,0.8,0.72,0.28,0.0,0.0,0.0,0.0,0.09,,-0.01,,-0.10989010989010987
user0877,1,1,1,0.5,0.5,0.6,0.28,0.5,0.0,0.0,0.0,0.0,0.09,0.45,0.57,0.3956043956043956,0.5274725274725275
user0889,1,1,1,0.58,0.15,0.67,0.5,0.28,0.0,0.0,0.0,0.0,0.09,0.27,0.64,0.19780219780219782,0.6043956043956045
user0893,1,1,1,0.67,0.05,1,0.28,0.39,0.0,0.0,0.0,0.0,0.09,0.09,0.64,0.0,0.6043956043956045
user0926,1,1,1,0.33,0.45,0.33,0.5,0.5,0.0,0.0,0.0,0.0,0.27,0.73,0.76,0.6301369863013698,0.6712328767123288
user0933,1,0,1,0.33,0.25,0.6,0.33,0.33,0.0,0.0,0.0,0.0,0.09,0.09,0.75,0.0,0.7252747252747253
user0936,1,1,1,0.58,0.65,0.53,0.67,0.39,0.0,0.0,0.0,0.0,0.0,0.09,0.25,0.09,0.25
user0910,1,1,1,0.58,0.35,0.67,0.72,0.61,0.0,0.0,0.0,0.0,0.27,0.73,0.95,0.6301369863013698,0.9315068493150684
user0929,1,1,1,0.5,0.6,0.6,0.67,0.5,0.0,0.0,0.0,0.0,0.18,0.36,0.78,0.2195121951219512,0.7317073170731708
user0940,1,0,1,0.5,0.05,0.67,0.61,0.5,0.0,0.0,0.0,0.0,0.18,0.27,0.92,0.10975609756097564,0.9024390243902438
user0947,1,1,1,0.58,0.5,0.6,0.5,0.5,0.0,0.0,0.0,0.0,0.0,0.45,0.9,0.45,0.9
user0951,1,1,1,0.42,0.7,0.8,0.61,0.5,0.0,0.0,0.0,0.0,0.45,0.36,0.58,-0.16363636363636366,0.23636363636363625
user0886,1,1,1,0.58,0.65,0.67,0.89,0.56,0.0,0.0,0.0,0.0,0.09,,0.65,,0.6153846153846154
user0894,1,1,0,0.5,0.15,0.67,0.78,0,0.0,0.0,0.0,0.0,0.0,,-0.01,,-0.01
user0911,1,1,0,0.33,0.55,1,0.83,0.33,0.0,0.0,0.0,0.0,0.09,,-0.01,,-0.10989010989010987
user0924,1,1,1,0.58,0.45,0.67,0.94,0.5,0.0,0.0,0.0,0.0,0.27,,0.84,,0.7808219178082191
user0948,1,1,0,0.58,0.8,0.67,0.83,0,0.0,0.0,0.0,0.0,0.55,,-0.01,,-1.2444444444444447
user0879,1,1,1,0.67,0.4,0.6,0.83,0.44,0.0,0.0,0.0,0.0,0.18,0.82,0.99,0.7804878048780486,0.9878048780487805
user0939,1,0,1,0.5,0.6,0.87,0.83,0.39,0.0,0.0,0.0,0.0,0.09,0.36,0.86,0.2967032967032967,0.8461538461538461
user0943,1,1,1,0.58,0.65,0.6,0.83,0.61,0.0,0.0,0.0,0.0,0.0,0.36,0.58,0.36,0.58
user0958,1,0,1,0.67,0.4,1,0.94,0.56,0.0,0.0,0.0,0.0,0.45,0.55,0.38,0.18181818181818185,-0.1272727272727273
user0881,1,1,1,0.5,0.55,0.6,0.5,0.83,0.0,0.0,0.0,0.0,0.0,,0.68,,0.68
user0887,1,1,1,0.67,0.8,0.93,0.67,0.78,0.0,0.0,0.0,0.0,0.27,,0.91,,0.8767123287671234
user0960,1,1,0,0.5,0.75,0.67,0.72,0.72,0.0,0.0,0.0,0.0,0.09,,-0.01,,-0.10989010989010987
user0895,1,1,1,0.5,0.3,0.67,0.72,0.83,0.0,0.0,0.0,0.0,0.09,0.36,0.96,0.2967032967032967,0.956043956043956
user0906,1,1,1,0.5,0.7,0.6,0.5,0.72,0.0,0.0,0.0,0.0,0.18,0.09,0.69,-0.1097560975609756,0.6219512195121951
user0950,1,1,1,0.58,0.6,0.67,0.61,0.67,224.0,96.0,0.0,90.0,0.27,0.45,0.9,0.2465753424657534,0.863013698630137
user0956,1,1,1,0.42,0.55,0.67,0.39,0.67,0.0,0.0,0.0,0.0,0.09,0.27,0.59,0.19780219780219782,0.5494505494505494
user0908,1,0,1,0.58,0.4,0.6,0.72,0.72,0.0,0.0,0.0,0.0,0.18,0.82,0.86,0.7804878048780486,0.8292682926829267
user0937,1,1,1,0.58,0.2,0.93,0.67,0.72,0.0,0.0,0.0,0.0,0.09,0.27,0.55,0.19780219780219782,0.5054945054945056
user0938,1,1,1,0.5,0.6,0.67,0.67,0.83,0.0,0.0,0.0,0.0,0.18,0.18,0.86,0.0,0.8292682926829267
user0903,1,1,1,0.83,0.6,1,0.83,0.83,0.0,0.0,0.0,0.0,0.09,,0.77,,0.7472527472527473
user0913,1,1,0,0.75,0.65,0.93,0.78,0.78,0.0,0.0,0.0,0.0,0.18,,-0.01,,-0.23170731707317072
user0935,1,1,0,0.67,0.4,0.6,0.78,0.67,0.0,0.0,0.0,0.0,0.09,,-0.01,,-0.10989010989010987
user0944,1,1,0,0.75,0.65,0.73,0.83,0.67,0.0,0.0,0.0,0.0,0.18,,-0.01,,-0.23170731707317072
user0952,1,1,0,1,0.85,1,1,1,0.0,0.0,0.0,0.0,0.64,,-0.01,,-1.8055555555555556
user0957,1,0,1,0.75,0.85,0.93,0.83,0.67,0.0,0.0,0.0,0.0,0.64,,0.97,,0.9166666666666666
user0915,1,0,1,0.58,0.55,0.93,0.89,0.67,0.0,0.0,0.0,0.0,0.09,0.27,0.55,0.19780219780219782,0.5054945054945056
user0907,1,1,1,0.58,0.8,0.8,0.89,0.67,0.0,0.0,0.0,0.0,0.09,1.0,0.95,1.0,0.945054945054945
user0880,1,1,1,0.5,0.65,0.53,0.56,0.61,6080.0,766.0,157.0,0.0,0.36,0.45,0.71,0.14062500000000003,0.546875
user0897,1,1,1,0.58,0.2,0.67,0.5,0.5,390.0,86.0,7.0,0.0,0.09,0.45,0.9,0.3956043956043956,0.8901098901098902
user0919,1,0,0,0.17,0.25,0.2,0.22,0.33,3490.0,518.0,78.0,518.0,0.27,1.0,-0.01,1.0,-0.3835616438356165
user0923,1,1,1,0.58,0.5,0.6,0.61,0.56,596.0,102.0,12.0,102.0,0.0,0.73,0.57,0.73,0.57
user0904,1,1,1,0.58,0.7,0.67,0.56,0.67,1945.0,28.0,27.0,0.0,0.27,,0.81,,0.7397260273972603
user0925,1,1,1,0.58,0.35,0.67,0.72,0.83,1814.0,256.0,26.0,0.0,0.18,,0.61,,0.5243902439024389
user0922,1,1,0,0.75,1,0.93,1,0.89,78.0,1.0,1.0,1.0,0.91,,-0.01,,-10.222222222222227
user0882,1,1,1,0.83,0.65,0.6,1,1,7060.0,272.0,151.0,0.0,0.18,0.73,1.0,0.6707317073170732,1.0
user0934,1,0,1,1,1,0.93,1,1,831.0,113.0,16.0,56.0,0.0,0.64,0.86,0.64,0.86
user0878,1,1,1,0.58,0.6,0.67,0.83,0.67,2948.0,425.0,81.0,0.0,0.27,0.73,0.93,0.6301369863013698,0.904109589041096
user0890,1,1,1,0.83,0.4,0.93,0.83,1,734.0,98.0,16.0,0.0,0.18,0.45,0.64,0.32926829268292684,0.5609756097560975
user0891,1,1,1,0.67,0.65,0.73,1,0.67,494.0,102.0,19.0,0.0,0.09,0.45,0.93,0.3956043956043956,0.9230769230769231
user0898,1,1,1,0.83,0.7,0.93,0.78,0.72,1549.0,271.0,25.0,0.0,0.18,0.45,0.39,0.32926829268292684,0.25609756097560976
user0927,1,1,1,0.75,0.3,0.93,0.94,0.78,822.0,142.0,67.0,142.0,0.0,0.64,0.9,0.64,0.9
user0888,1,1,0,0.5,0.5,0.67,0.39,0.56,753.0,125.0,30.0,125.0,0.18,,-0.01,,-0.23170731707317072
user0909,1,0,1,0,0,0.33,0.56,0.5,549.0,67.0,21.0,64.0,0.09,,0.27,,0.19780219780219782
user0892,1,1,1,0.5,0.45,0.8,0.61,0.56,20118.0,1209.0,367.0,1046.0,0.09,0.64,0.54,0.6043956043956045,0.4945054945054946
user0953,1,1,1,0.5,0.1,0.67,0.56,0.56,1422.0,74.0,37.0,25.0,0.09,0.64,0.91,0.6043956043956045,0.9010989010989011
user0884,1,1,1,0.58,0.55,0.73,0.5,0.56,1553.0,238.0,32.0,1.0,0.0,0.36,0.84,0.36,0.84
user0920,1,0,1,0.5,0.65,0.47,0.22,0.44,2685.0,267.0,31.0,266.0,0.09,0.64,0.89,0.6043956043956045,0.8791208791208791
user0930,1,1,1,0.58,0.65,0.73,0.56,0.56,1056.0,103.0,22.0,91.0,0.55,0.73,0.86,0.3999999999999999,0.6888888888888889
user0954,1,1,0,0.92,0.8,1,0.83,0.61,3799.0,55.0,44.0,55.0,0.45,,-0.01,,-0.8363636363636363
user0899,1,0,1,0.83,0.75,0.93,0.83,0.56,10630.0,626.0,81.0,626.0,0.27,0.91,0.9,0.8767123287671234,0.863013698630137
user0918,1,1,1,0.83,0.75,0.93,0.72,0.72,45.0,2.0,2.0,2.0,0.55,,0.96,,0.911111111111111
user0916,1,0,1,0.5,0.25,0.6,0.72,0.83,451.0,86.0,12.0,86.0,0.0,0.73,0.86,0.73,0.86
user0942,1,1,1,0.33,0.25,0.6,0.61,0.67,14238.0,645.0,103.0,534.0,0.27,0.82,0.96,0.7534246575342465,0.9452054794520548
user0896,1,0,1,0.83,0.9,0.87,0.89,0.83,3155.0,460.0,41.0,460.0,0.09,,0.87,,0.8571428571428571
user0959,1,1,0,0.58,0.75,0.93,0.78,0.67,1632.0,88.0,32.0,88.0,0.45,,-0.01,,-0.8363636363636363
user0883,1,1,1,0.75,0.75,0.73,0.89,0.89,3072.0,44.0,44.0,7.0,0.09,0.64,0.97,0.6043956043956045,0.967032967032967
user0885,1,1,1,0.58,0.3,0.67,0.78,0.67,783.0,93.0,13.0,93.0,0.27,0.45,0.7,0.2465753424657534,0.5890410958904109
user0902,1,0,1,0.58,0.5,0.6,0.78,0.78,4905.0,624.0,101.0,624.0,0.18,0.55,0.53,0.45121951219512196,0.4268292682926829
user0912,1,0,1,0.75,0.55,0.87,0.78,0.78,6209.0,602.0,97.0,602.0,0.18,1.0,0.98,1.0,0.975609756097561
user0914,1,0,1,0.67,0.7,0.87,0.94,0.83,1295.0,187.0,16.0,106.0,0.27,0.55,0.96,0.3835616438356165,0.9452054794520548
user0900,1,1,1,0.75,0.85,0.87,0.83,0.78,1275.0,260.0,38.0,256.0,0.91,0.91,0.89,0.0,-0.2222222222222225
